SERIES,SYMBOL,SECURITY,RECORD_DT,BC_STRT_DT,BC_END_DT,EX_DT,ND_STRT_DT,ND_END_DT,PURPOSE
BE,HDFCBANK,HDFC BANK LTD,27/06/2025, , ,27/06/2025, , ,DIV - RS 22 PER SH       
BE,LICI,Life Insura Corp of India,25/07/2025, , ,25/07/2025, , ,DIV - RS 12 PER SH       
BE,PARAS,Paras Def and Spce Tech L,04/07/2025, , ,04/07/2025, , ,FVSPLT FRM RS 10 TO RS 5 
BE,TECHM,Tech Mahindra Limited,04/07/2025, , ,04/07/2025, , ,DIV - RS 30 PER SH       
BE,PFIZER,PFIZER LTD,09/07/2025, , ,09/07/2025, , ,DVSPDV - RS 35/RS 130    
BE,DALMIASUG,Dalmia Bharat Sug In Ltd,30/06/2025, , ,30/06/2025, , ,AGM/DIV - RS 1.50 PER SH 
BE,VISAKAIND,Visaka Industries Ltd.,27/06/2025, , ,27/06/2025, , ,AGM/DIV - RS 0.50 PER SH 
BE,JAYAGROGN,Jayant Agro Organics Ltd.,27/06/2025, , ,27/06/2025, , ,AGM/DIV - RS 2.50 PER SH 
BE,VAIBHAVGBL,Vaibhav Gems Ltd,28/06/2025, , ,27/06/2025, , ,AGM/DIV - RS 1.50 PER SH 
BE,RAINBOW,Rainbow Childrens Med Ltd,28/06/2025, , ,27/06/2025, , ,DIV - RS 3 PER SH        
BE,CONCOR,Container Corp of India,04/07/2025, , ,04/07/2025, , ,BONUS 1:4                
BE,CIPLA,CIPLA LTD,27/06/2025, , ,27/06/2025, , ,DIV/SP DIV - RS 13 & 3   
BE,WELSPUNLIV,Welspun Living Limited,27/06/2025, , ,27/06/2025, , ,DIV - RS 1.7 PER SH      
BE,MAHSCOOTER,Maharashtra Scooters Ltd,27/06/2025, , ,27/06/2025, , ,DIV/SP DIV - RS 30 & 30  
BE,UMANGDAIRY,Umang Dairies Limited,27/06/2025, , , , , ,MERGER/DEMERGER          
BE,INFIBEAM,Infibeam Avenues Limited,26/06/2025, , ,26/06/2025, , ,RIGHTS 67:267@PRM RS 9/- 
BE,BAJAJHLDNG,Bajaj Holdings & Invs Ltd,27/06/2025, , ,27/06/2025, , ,DIV - RS 28 PER SH       
BE,RPGLIFE,RPG Life Sciences Limited,27/06/2025, , ,27/06/2025, , ,DIV/SP DIV - RS 20 & 4   
BE,INDHOTEL,INDIAN HOTELS CO LTD,30/06/2025, , ,30/06/2025, , ,DIV - RS 2.25 PER SH     
BE,GVPTECH,GVP Infotech Limited,30/06/2025, , ,30/06/2025, , ,RIGHTS 13:100 @ PRM RS 8 
BE,PRIMESECU,Prime Securities Limited,26/06/2025, , ,26/06/2025, , ,DIV - RS 1.50 PER SH     
BE,SYNGENE,Syngene International Ltd,27/06/2025, , ,27/06/2025, , ,DIV - RS 1.25 PER SH     
BE,BAJAJFINSV,Bajaj Finserv Limited,27/06/2025, , ,27/06/2025, , ,DIV - RE 1 PER SH        
BE,CARERATING,CARE Ratings Ltd,27/06/2025, , ,27/06/2025, , ,DIV - RS 11 PER SH       
BE,ABDL,Allied Blend N Distils L,27/06/2025, , ,27/06/2025, , ,DIV - RS 3.60 PER SH     
BE,SWARAJENG,Swaraj Engines Ltd,27/06/2025, , ,27/06/2025, , ,DIV - RS 104.50 PER SH   
EQ,VAIBHAVGBL,Vaibhav Gems Limited,28/06/2025, , ,27/06/2025, , ,AGM/DIV - RS 1.50 PER SH 
EQ,CONCOR,Container Corp of India,04/07/2025, , ,04/07/2025, , ,BONUS 1:4                
EQ,LICI,Life Insura Corp of India,25/07/2025, , ,25/07/2025, , ,DIV - RS 12 PER SH       
EQ,SWARAJENG,Swaraj Engines Ltd,27/06/2025, , ,27/06/2025, , ,DIV - RS 104.50 PER SH   
EQ,PARAS,Paras Def and Spce Tech L,04/07/2025, , ,04/07/2025, , ,FVSPLT FRM RS 10 TO RS 5 
EQ,ABDL,Allied Blend N Distils L,27/06/2025, , ,27/06/2025, , ,DIV - RS 3.60 PER SH     
EQ,CARERATING,CARE Ratings Ltd,27/06/2025, , ,27/06/2025, , ,DIV - RS 11 PER SH       
EQ,BAJAJFINSV,Bajaj Finserv Limited,27/06/2025, , ,27/06/2025, , ,DIV - RE 1 PER SH        
EQ,SYNGENE,Syngene International Ltd,27/06/2025, , ,27/06/2025, , ,DIV - RS 1.25 PER SH     
EQ,HDFCBANK,HDFC Bank Ltd.,27/06/2025, , ,27/06/2025, , ,DIV - RS 22 PER SH       
EQ,PRIMESECU,Prime Securities Limited,26/06/2025, , ,26/06/2025, , ,DIV - RS 1.50 PER SH     
EQ,GVPTECH,GVP Infotech Limited,30/06/2025, , ,30/06/2025, , ,RIGHTS 13:100 @ PRM RS 8 
EQ,INDHOTEL,Indian Hotels Co. Ltd.,30/06/2025, , ,30/06/2025, , ,DIV - RS 2.25 PER SH     
EQ,TECHM,Tech Mahindra Limited,04/07/2025, , ,04/07/2025, , ,DIV - RS 30 PER SH       
EQ,PFIZER,Pfizer Ltd.,09/07/2025, , ,09/07/2025, , ,DVSPDV - RS 35/RS 130    
EQ,DALMIASUG,Dalmia Bharat Sug In Ltd,30/06/2025, , ,30/06/2025, , ,AGM/DIV - RS 1.50 PER SH 
EQ,RPGLIFE,RPG Life Sciences Limited,27/06/2025, , ,27/06/2025, , ,DIV/SP DIV - RS 20 & 4   
EQ,INFIBEAM,Infibeam Avenues Limited,26/06/2025, , ,26/06/2025, , ,RIGHTS 67:267@PRM RS 9/- 
EQ,VISAKAIND,Visaka Industries Ltd.,27/06/2025, , ,27/06/2025, , ,AGM/DIV - RS 0.50 PER SH 
EQ,RAINBOW,Rainbow Childrens Med Ltd,28/06/2025, , ,27/06/2025, , ,DIV - RS 3 PER SH        
EQ,UMANGDAIRY,Umang Dairies Limited,27/06/2025, , , , , ,MERGER/DEMERGER          
EQ,JAYAGROGN,Jayant Agro Organics Ltd.,27/06/2025, , ,27/06/2025, , ,AGM/DIV - RS 2.50 PER SH 
EQ,MAHSCOOTER,Maharashtra Scooters Ltd,27/06/2025, , ,27/06/2025, , ,DIV/SP DIV - RS 30 & 30  
EQ,BAJAJHLDNG,Bajaj Holdings & Invs Ltd,27/06/2025, , ,27/06/2025, , ,DIV - RS 28 PER SH       
EQ,WELSPUNLIV,Welspun Living Limited,27/06/2025, , ,27/06/2025, , ,DIV - RS 1.7 PER SH      
EQ,CIPLA,Cipla Ltd,27/06/2025, , ,27/06/2025, , ,DIV/SP DIV - RS 13 & 3   
GB,SGBJUL25,SGB2.50%JUL2025Sr-II17-18,24/07/2025, , , , , ,REDEMPTION               
GS,GS300625C,GOI STRIPS C 300625,26/06/2025, , , , , ,REDEMPTION               
GS,83GS2042,GOI LOAN 8.30% 2042,27/06/2025, , ,27/06/2025, , ,INTEREST PAYMENT         
GS,679GS2031,GOI LOAN   6.79% 2031,27/06/2025, , ,27/06/2025, , ,INTEREST PAYMENT         
GS,GS020725C,GOI STRIPS C 020725,30/06/2025, , , , , ,REDEMPTION               
N0,87IHFL25,IHFL 8.7% 2025 Sr G1,27/06/2025, , ,27/06/2025, , ,INTEREST PAYMENT         
N0,817ABHF27,ABHFL 8.1701% 2027 Sr 1,27/06/2025, , ,27/06/2025, , ,INTEREST PAYMENT         
N0,12VCCL27A,VCCL 12% 2027 Sr C,29/06/2025, , ,27/06/2025, , ,INTEREST PAYMENT         
N0,1180VCCL26,VCCL 11.80% 2026 Sr B,29/06/2025, , ,27/06/2025, , ,INTEREST PAYMENT         
N0,736SBI39,SBOI 7.36% 2039 Sr 2,26/06/2025, , ,26/06/2025, , ,INTEREST PAYMENT         
N0,812ABHF29,ABHFL 8.1168% 2029 Sr 2w,27/06/2025, , ,27/06/2025, , ,INTEREST PAYMENT         
N0,116VCCL26,VCCL 11.6% 2026 Sr A,29/06/2025, , ,27/06/2025, , ,INTEREST PAYMENT         
N0,119VCCL26,Vedika Credit 11.9% 2026,27/06/2025, , ,27/06/2025, , ,INTEREST PAYMENT         
N5,792LIC27,LHFL 7.9265% 2027 Tr 442,29/06/2025, , ,27/06/2025, , ,INTEREST PAYMENT         
N9,797ABCL28,ABCL 7.97% 2028 Sr D1ABCL,27/06/2025, , ,27/06/2025, , ,INTEREST PAYMENT         
NK,831ABCL34,ABCL 8.31% 2034 Sr SA1,26/06/2025, , ,26/06/2025, , ,INTEREST PAYMENT         
NO,902MFL27,MFL 9.02% 2027,30/06/2025, , ,30/06/2025, , ,INTEREST PAYMENT         
SG,553KL25,SDL KL 5.53% 2025,27/06/2025, , , , , ,REDEMPTION               
SG,545RJ25,SDL RJ 5.45% 2025,05/07/2025, , , , , ,REDEMPTION               
SM,COOLCAPS,Cool Caps Industries Ltd,04/07/2025, , ,04/07/2025, , ,FVSPLT FRM RS 10 TO RS 2 
SM,SIDDHIKA,Siddhika Coatings Limited,28/06/2025, , ,27/06/2025, , ,DIV - RS 3.30 PER SH     
SM,DCCL,Dar Credit & Capital Ltd,30/06/2025, , ,30/06/2025, , ,DIV - RS 0.50 PER SH     
SM,COOLCAPS,Cool Caps Industries Ltd,04/07/2025, , ,04/07/2025, , ,BONUS 1:1                
SM,SAHANA,Sahana System Limited,27/06/2025, , ,27/06/2025, , ,INTDIV - RE 1 PER SH     
SQ,COOLCAPS,Cool Caps Industries Ltd,04/07/2025, , ,04/07/2025, , ,BONUS 1:1                
SQ,COOLCAPS,Cool Caps Industries Ltd,04/07/2025, , ,04/07/2025, , ,FVSPLT FRM RS 10 TO RS 2 
SQ,SAHANA,Sahana System Limited,27/06/2025, , ,27/06/2025, , ,INTDIV - RE 1 PER SH     
SQ,SIDDHIKA,Siddhika Coatings Limited,28/06/2025, , ,27/06/2025, , ,DIV - RS 3.30 PER SH     
SQ,DCCL,Dar Credit & Capital Ltd,30/06/2025, , ,30/06/2025, , ,DIV - RS 0.50 PER SH     
ST,DCCL,Dar Credit & Capital Ltd,30/06/2025, , ,30/06/2025, , ,DIV - RS 0.50 PER SH     
ST,SIDDHIKA,Siddhika Coatings Limited,28/06/2025, , ,27/06/2025, , ,DIV - RS 3.30 PER SH     
ST,COOLCAPS,Cool Caps Industries Ltd,04/07/2025, , ,04/07/2025, , ,FVSPLT FRM RS 10 TO RS 2 
ST,SAHANA,Sahana System Limited,27/06/2025, , ,27/06/2025, , ,INTDIV - RE 1 PER SH     
ST,COOLCAPS,Cool Caps Industries Ltd,04/07/2025, , ,04/07/2025, , ,BONUS 1:1                
U5,792LIC27,LHFL 7.9265% 2027 Tr 442,29/06/2025, , ,27/06/2025, , ,INTEREST PAYMENT         
U9,797ABCL28,ABCL 7.97% 2028 Sr D1ABCL,27/06/2025, , ,27/06/2025, , ,INTEREST PAYMENT         
UK,831ABCL34,ABCL 8.31% 2034 Sr SA1,26/06/2025, , ,26/06/2025, , ,INTEREST PAYMENT         
UO,902MFL27,MFL 9.02% 2027,30/06/2025, , ,27/06/2025, , ,INTEREST PAYMENT         

