SYMBOL,SERIES,SECURITY,HIGH/LOW,INDEX FLAG
AAREYDRUGS,BE,AAREY DRUGS & PHARM LTD,H
ABINFRA,BE,A B INFRABUILD LIMITED,H
ABMINTLLTD,EQ,ABM INTERNATIONAL LTD,H
ANSALAPI,BZ,ANSAL PROP & INFRA LTD,H
ARCHIES,BE,ARCHIES LTD,H
ARENTERP,EQ,RAJDARSHAN INDUSTRIES LTD,H
ARVINDPORT,ST,ARVIND PORT AND INFRA LTD,H
ASTRON,BE,ASTRON PAPER BORD MIL LTD,H
CALSOFT,EQ,CALIFORNIA SOFTWARE CO LT,H
CALSOFTPP,E1,CALSOFT RS.2.50 PPD UP,H
CAPTRU-RE,BE,CAPITAL TRUST LTD,H
CENTUM,EQ,CENTUM ELECTRONICS LTD,H
CMRSL,SM,CYBER MEDIA RES & SER LTD,H
COMPINFO,BZ,COMPUAGE INFOCOM LTD,H
COSMOFIRST,EQ,COSMO FIRST LIMITED,H
CREATIVEYE,BE,CREATIVE EYE LIMITED,H
CYBERMEDIA,EQ,CYBER MEDIA (INDIA) LTD.,H
DHARMAJ,BE,DHARMAJ CROP GUARD LTD,H
DIACABS,EQ,DIAMOND POWER INFRA LTD,H
DOLPHIN,EQ,DOLPHIN OFF ENT (IND) L,H
ELGIRUBCO,BE,ELGI RUBBER CO. LTD,H
EUROTEXIND,EQ,EUROTEX INDUSTRIES LTD,H
FEL,BZ,FUTURE ENTERPRISES LTD,H
GATECH,BE,GACM TECHNOLOGIES LIMITED,H
GATECHDVR,EQ,GACM TECHNOLOGIES LIMITED,H
GODHA,EQ,GODHA CABCON INSULAT LTD,H
GOENKA,BZ,GOENKA DIAMOND&JEWELS LTD,H
GVKPIL,BE,GVK POW. & INFRA LTD.,H
HBSL,EQ,HB STOCKHOLDINGS LIMITED,H
HERANBA,BE,HERANBA INDUSTRIES LTD,H
HYBRIDFIN,BE,HYBRID FINANCIAL SERVICE,H
IL&FSTRANS,BZ,IL&FS TRANS NET LTD,H
INDSWFTLTD,EQ,IND-SWIFT LIMITED,H
IRIS,EQ,IRIS BUSINESS SERV LTD,H
ITTL,ST,INNOVATIVE TYRE & TUBE LT,H
K2INFRA,ST,K2 INFRAGEN LIMITED,H
KABRAEXTRU,BE,KABRAEXTRUSION,H
KAYA,BE,KAYA LIMITED,H
KEEPLEARN,BE,DSJ KEEP LEARNING LTD,H
KITEX,EQ,KITEX GARMENTS LTD,H
KORE,ST,JAY JALARAM TECHNO LTD,H
LASA,BE,LASA SUPERGENERICS LTD,H
MEGASOFT,BE,MEGASOFT LTD,H
MINDPOOL,SM,MINDPOOL TECHNOLOGIES LTD,H
MIRCELECTR,BE,MIRCELECTR-DEPO,H
MOXSH,SM,MOXSH OVERSEAS EDUCON LTD,H
MPTODAY,SM,M P TODAY MEDIA LIMITED,H
MTEDUCARE,BE,MT EDUCARE LTD,H
NACLIND,BE,NACL INDUSTRIES LIMITED,H
NAVKARURB,BE,NAVKAR URBANSTRUCTURE LTD,H
NORBTEAEXP,BE,NORBEN TEA &EXPORTS LTD,H
ORBTEXP,EQ,ORBIT EXPORTS LIMITED,H
PATTECH,SM,PATTECH FITWELL TUB COM L,H
PDMJEPAPER,EQ,PUDUMJEE PAPER PRO. LTD,H
QFIL,SM,QUALITY FOILS (INDIA) LTD,H
RAJRILTD,BE,RAJ RAYON INDUSTRIES LTD,H
RAMAPHO,EQ,RAMA PHOSPHATES LIMITED,H
REFRACTORY,ST,REFRACTORY SHAPES LIMITED,H
REGENCERAM,BE,REGENCYCERAMICS-LTD,H
RPPINFRA,BE,R.P.P INFRA PROJECTS LTD.,H
SABAR,ST,SABAR FLEX INDIA LIMITED,H
SABEVENTS,BE,SAB EVENTS & GOVERNANCE,H
SABTNL,EQ,SRI ADHIKARI BRO TELE N L,H
SANWARIA,BZ,SANWARIA CONSUMER LIMITED,H
SEMAC,EQ,SEMAC CONSULTANTS LIMITED,H
SETCO,BE,SETCO AUTOMOTIVE LTD,H
SHYAMTEL,BE,SHYAM TELECOM LIMITED,H
SIDDHIKA,SM,SIDDHIKA COATINGS LIMITED,H
SITINET,BZ,SITI NETWORKS LIMITED,H
SOTAC,SM,SOTAC PHARMACEUTICALS LTD,H
SRPL,BZ,SHREE RAM PROTEINS LTD.,H
SUMEETINDS,BE,SUMEET IND LIMITED,H
SUPREMEINF,BZ,SUPREME INFRA. LTD,H
TECILCHEM,BE,TECIL CHEMICALS,H
TEMBO,BE,TEMBO GLOBAL IND LTD,H
THOMASCOTT,EQ,THOMAS SCOTT (INDIA) LTD,H
TIJARIA,EQ,TIJARIA POLYPIPES LTD,H
VDEAL,ST,VDEAL SYSTEM LIMITED,H
VERITAAS,ST,VERITAAS ADVERTISING LTD,H
VISASTEEL,BE,VISA STEEL LIMITED,H
WAAREEINDO,BE,INDOSOLAR LIMITED,H
WEBELSOLAR,EQ,WEBSOL ENERGY SYSTEM LTD,H
WINSOL,ST,WINSOL ENGINEERS LIMITED,H
21STCENMGM,EQ,21ST CENTURY MGMT SERVICE,L
AAKASH,BE,AAKASH EXPLORATION SER L,L
ACCORD,SM,ACCORD SYNERGY LIMITED,L
AGARWALTUF,ST,AGARWAL TOUGH GLASS IND L,L
AGUL,SM,A G UNIVERSAL LIMITED,L
AKI,BE,AKI INDIA LIMITED,L
ASPIRE,ST,ASPIRE & INNOVATIVE ADV L,L
BIKEWO,ST,BIKEWO GREEN TECH LIMITED,L
CAPTRUST,BE,CAPITAL TRUST LIMITED,L
CELLECOR,ST,CELLECOR GADGETS LIMITED,L
DHARAN,BE,DHARAN INFRA-EPC LIMITED,L
DHTL,ST,DOCMODE HEALTH TECH LTD,L
DYNAMIC,ST,DYNAMIC SRVCS & SEC LTD,L
EEPL,ST,EPPELTONE ENGINEERS LTD,L
EMKAYTOOLS,ST,EMKAY TAP & CUT. TOOL LTD,L
FELDVR,BZ,FUTURE ENTERPRISES LTD,L
GODHA,EQ,GODHA CABCON INSULAT LTD,L
GRCL,SM,GAYATRI RUBB AND CHEM LTD,L
HOACFOODS,ST,HOAC FOODS INDIA LIMITED,L
HOMESFY,SM,HOMESFY REALTY LIMITED,L
ICDSLTD,BE,ICDSLTD,L
IEL,BE,INDIABULLS ENT LTD,L
IL&FSENGG,BZ,IL&FS ENG AND CONS CO LTD,L
JALAN,ST,JALAN TRANSOLU. INDIA LTD,L
KEYFINSERV,BE,KEYNOTE FIN SERV LTD.,L
KONTOR,ST,KONTOR SPACE LIMITED,L
MADHUCON,BE,MADHUCON PROJECTS LTD.,L
MANAKSTEEL,EQ,MANAKSIA STEELS LTD,L
MCON,SM,MCON RASAYAN INDIA LTD,L
MEP,BZ,MEP INFRA. DEVELOPERS LTD,L
MFML,BE,MAHALAXMI FABRIC MILLS LT,L
MONOLITH,ST,MONOLITHISCH INDIA LTD,L
MTEDUCARE,BE,MT EDUCARE LTD,L
NEWJAISA,ST,NEWJAISA TECHNOLOGIES LTD,L
OBSCP,ST,OBSC PERFECTION LIMITED,L
OCCL,BE,ORIENTAL CARBN & CHEM LTD,L
ONELIFECAP,BE,ONELIFE CAP ADVISORS LTD,L
ORIENTALTL,BE,ORIENTAL TRIMEX LTD,L
OSIAHYPER,EQ,OSIA HYPER RETAIL LIMITED,L
PILITA,BE,PIL ITALICA LIFESTYLE LTD,L
PRUDMOULI,EQ,PRUDENTIAL SUGAR CORPORAT,L
QUADPRO,ST,QUADPRO ITES LIMITED,L
RADAAN,EQ,RADAAN MEDIAWORKS (I) LTD,L
RUCHINFRA,BE,RUCHI INFRASTRUCTURE LTD,L
SABAR,ST,SABAR FLEX INDIA LIMITED,L
SADHNANIQ,BE,SADHANA NITROCHEM LIMITED,L
SAHASRA,ST,SAHASRA ELECTRONIC SOLU L,L
SANCO,BZ,SANCO INDUSTRIES LIMITED,L
SANWARIA,BZ,SANWARIA CONSUMER LIMITED,L
SETUINFRA,BZ,SETUBANDHAN INFRA LTD,L
SIGNORIA,ST,SIGNORIA CREATION LIMITED,L
SUBEXLTD,BE,SUBEX LTD,L
SURANI,ST,SURANI STEEL TUBES LTD.,L
TCIFINANCE,BE,TCIFINANCELTD-ROLL SETT,L
TECHERA,ST,TECHERA ENGINEER (IND) L,L
TECILCHEM,BE,TECIL CHEMICALS,L
THESL,SM,THINKING HATS ENTER SOL L,L
UNITECH,BZ,UNITECH LIMITED,L
VELS,ST,VELS FILM INTERNATIONAL L,L
VERITAAS,ST,VERITAAS ADVERTISING LTD,L
VLEGOV,BE,VL E GOV AND IT SOL LTD,L
WINSOME,BZ,WINSOME YARNS LIMITED,L
ZENITHDRUG,ST,ZENITH DRUGS LIMITED,L
ZENITHSTL,BE,ZENITH STEEL PIP IND LTD,L
