GAIN_LOSS,SECURITY,CLOSE_PRIC,PREV_CL_PR,PERCENT_CG
 ,Nifty 50 Sec., , , 
 , , , , 
G,SHRIRAM FINANCE LIMITED,       703.20,       675.10,4.16
G,JIO FIN SERVICES LTD,       312.50,       303.30,3.03
G,HINDALCO  INDUSTRIES  LTD,       690.60,       672.65,2.67
G,TATA STEEL LIMITED,       160.54,       156.39,2.65
G,ADANI PORT & SEZ LTD,      1429.30,      1393.10,2.6
G,BAJAJ FINANCE LIMITED,       951.50,       928.00,2.53
G,BHARTI AIRTEL LIMITED,      2014.30,      1965.60,2.48
G,ETERNAL LIMITED,       265.18,       258.86,2.44
G,ADANI ENTERPRISES LIMITED,      2586.20,      2527.20,2.33
G,HDFC BANK LTD,      2021.80,      1980.20,2.1
G,BAJAJ FINSERV LTD.,      2053.60,      2011.80,2.08
G,RELIANCE INDUSTRIES LTD,      1495.30,      1467.30,1.91
G,NTPC LTD,       337.15,       330.85,1.9
G,ULTRATECH CEMENT LIMITED,     11951.00,     11733.00,1.86
G,HDFC LIFE INS CO LTD,       799.45,       785.10,1.83
G,GRASIM INDUSTRIES LTD,      2883.30,      2831.80,1.82
G,TATA CONSUMER PRODUCT LTD,      1145.40,      1126.50,1.68
G,AXIS BANK LIMITED,      1233.50,      1213.30,1.66
G,TATA MOTORS LIMITED,       682.75,       674.50,1.22
G,OIL AND NATURAL GAS CORP.,       244.73,       241.91,1.17
G,TITAN COMPANY LIMITED,      3694.70,      3652.20,1.16
G,NESTLE INDIA LIMITED,      2431.40,      2404.40,1.12
G,LARSEN & TOUBRO LTD.,      3659.60,      3619.80,1.1
G,POWER GRID CORP. LTD.,       293.50,       290.45,1.05
G,BHARAT ELECTRONICS LTD,       410.10,       406.05,1
G,SBI LIFE INSURANCE CO LTD,      1860.80,      1842.70,.98
G,ITC LTD,       420.30,       416.35,.95
G,ICICI BANK LTD.,      1439.10,      1425.80,.93
G,APOLLO HOSPITALS ENTER. L,      7101.50,      7042.00,.84
G,JSW STEEL LIMITED,      1032.55,      1024.45,.79
 , , , , 
L,DR. REDDY S LABORATORIES,      1321.50,      1341.60,-1.5
L,TECH MAHINDRA LIMITED,      1690.20,      1705.00,-0.87
L,HERO MOTOCORP LIMITED,      4278.00,      4300.80,-0.53
L,MARUTI SUZUKI INDIA LTD.,     12715.00,     12767.00,-0.41
L,STATE BANK OF INDIA,       797.05,       800.05,-0.37
L,WIPRO LTD,       268.52,       269.41,-0.33
L,TRENT LTD,      6107.00,      6124.50,-0.29
L,TATA CONSULTANCY SERV LT,      3441.80,      3444.80,-0.09
 , , , , 
 ,Nifty Next 50 Sec., , , 
 , , , , 
G,JINDAL STEEL & POWER LTD,       954.90,       919.90,3.8
G,ADANI POWER LTD,       578.15,       557.00,3.8
G,SHREE CEMENT LIMITED,     30105.00,     29075.00,3.54
G,BHARAT PETROLEUM CORP  LT,       329.75,       319.60,3.18
G,VEDANTA LIMITED,       455.50,       441.95,3.07
G,INDIAN OIL CORP LTD,       146.28,       141.98,3.03
G,BRITANNIA INDUSTRIES LTD,      5828.00,      5708.00,2.1
G,ICICI PRU LIFE INS CO LTD,       647.30,       634.65,1.99
G,JSW ENERGY LIMITED,       516.95,       507.70,1.82
G,POWER FIN CORP LTD.,       420.25,       412.90,1.78
G,ADANI ENERGY SOLUTION LTD,       864.75,       850.20,1.71
G,GAIL (INDIA) LTD,       186.79,       183.98,1.53
G,BOSCH LIMITED,     32215.00,     31755.00,1.45
G,SWIGGY LIMITED,       405.25,       399.95,1.33
G,AMBUJA CEMENTS LTD,       566.75,       559.40,1.31
G,REC LIMITED,       403.55,       398.50,1.27
G,CHOLAMANDALAM IN & FIN CO,      1627.00,      1608.80,1.13
G,ADANI GREEN ENERGY LTD,       992.00,       981.10,1.11
G,BAJAJ HOLDINGS & INVS LTD,     13870.00,     13721.00,1.09
G,INTERGLOBE AVIATION LTD,      5691.50,      5639.00,0.93
G,AVENUE SUPERMARTS LIMITED,      4315.40,      4276.40,0.91
G,ABB INDIA LIMITED,      6012.50,      5966.50,0.77
G,ZYDUS LIFESCIENCES LTD,       981.95,       974.75,0.74
G,LIFE INSURA CORP OF INDIA,       957.55,       951.10,0.68
G,SAMVRDHNA MTHRSN INTL LTD,       154.39,       153.36,0.67
G,TATA POWER CO LTD,       405.65,       403.05,0.65
G,HINDUSTAN AERONAUTICS LTD,      4817.10,      4792.70,0.51
G,SIEMENS LTD,      3164.90,      3149.10,0.5
G,PIDILITE INDUSTRIES LTD,      3020.00,      3005.90,0.47
G,INFO EDGE (I) LTD,      1516.40,      1509.60,0.45
 , , , , 
L,LTIMINDTREE LIMITED,      5373.00,      5436.00,-1.16
L,MACROTECH DEVELOPERS LTD,      1441.40,      1456.60,-1.04
L,DLF LIMITED,       847.10,       854.35,-0.85
L,UNITED SPIRITS LIMITED,      1444.50,      1454.90,-0.71
L,VARUN BEVERAGES LIMITED,       458.40,       460.30,-0.41
L,CG POWER AND IND SOL LTD,       674.75,       676.60,-0.27
L,TORRENT PHARMACEUTICALS L,      3222.50,      3226.70,-0.13
L,GODREJ CONSUMER PRODUCTS,      1184.30,      1185.30,-0.08
 , , , , 
 ,OTHER SECURITIES, , , 
 , , , , 
G,HB STOCKHOLDINGS LIMITED,       109.76,        91.47,20
G,ORBIT EXPORTS LIMITED,       214.36,       178.64,20
G,BRAINBEES SOLUTIONS LTD,       396.80,       339.15,17
G,SEC RE NCD 9.90% SR.IV,       380.00,       331.00,14.8
G,PAKKA LIMITED,       214.69,       187.07,14.76
G,ONWARD TECHNOLOGIES LTD,       370.80,       330.15,12.31
G,IND-SWIFT LIMITED,        18.61,        16.59,12.18
G,ABCL 7.8% SR V,      1008.00,       899.00,12.12
G,JAI BALAJI INDUSTRIES LTD,       131.37,       117.17,12.12
G,DIAMOND POWER INFRA LTD,       128.28,       116.62,10
G,ABM INTERNATIONAL LTD,        64.37,        58.52,10
G,CENTUM ELECTRONICS LTD,      2376.80,      2160.80,10
G,THOMAS SCOTT (INDIA) LTD,       366.65,       333.35,9.99
G,LLOYD RS.0.50 PPD UP,        44.49,        40.45,9.99
G,ISHAN DYES N CHEMICALS L,        56.97,        51.96,9.64
G,SHANKAR LAL RAMPAL LTD,        80.31,        73.30,9.56
G,KAUSHALYA LOGISTICS LTD,        85.00,        77.60,9.54
G,RAJDARSHAN INDUSTRIES LTD,        51.33,        46.88,9.49
G,ASTEC LIFESCIENCES LTD,       971.80,       888.20,9.41
G,RUBFILA INTERNATIONAL LTD,        84.12,        77.12,9.08
G,TEJAS CARGO INDIA LIMITED,       190.00,       174.45,8.91
G,GACM TECHNOLOGIES LIMITED,         1.00,          .92,8.7
G,MODISON LIMITED,       174.88,       161.06,8.58
G,LLOYDS ENGG WORK LIMITED,        64.30,        59.23,8.56
G,SUPER SPINNING MILLS LTD,        10.87,        10.03,8.37
G,VARDHAMAN ACRYLICS LTD,        50.37,        46.70,7.86
G,BLUSPRING ENTERPRISES LTD,        73.30,        68.09,7.65
G,SAR TELEVENTURE LIMITED,       259.55,       241.90,7.3
G,APAR INDUSTRIES LTD.,      8672.00,      8083.00,7.29
G,NELCAST LIMITED,       148.11,       138.40,7.02
 , , , , 
L,BOND 8.63% PA TF TII-SIIA,      1130.05,      1300.00,-13.07
L,SEC RE NCD 9.85% SR.VIII,       599.00,       646.89,-7.4
L,SEC RED NCD 9.40% SR. V,      1037.33,      1118.00,-7.22
L,FACT LTD,       965.85,      1037.95,-6.95
L,SUKHJIT STARCH & CHEM LTD,       182.40,       194.76,-6.35
L,MANOJ VAIBHAV GEM N JEW L,       241.14,       257.45,-6.34
L,SEC RE NCD 9.90% SR VII,      1091.06,      1163.90,-6.26
L,S H KELKAR AND CO. LTD.,       235.50,       250.59,-6.02
L,UMANG DAIRIES LIMITED,        85.73,        90.65,-5.43
L,INDIAN CARD CLOTHING CO.,       316.65,       333.70,-5.11
L,UNITED HEAT TRANSFER LTD,        69.80,        73.50,-5.03
L,ASPIRE & INNOVATIVE ADV L,        33.10,        34.85,-5.02
L,DOCMODE HEALTH TECH LTD,        52.20,        54.95,-5
L,SIGNORIA CREATION LIMITED,       116.75,       122.90,-5
L,OSIA HYPER RETAIL LIMITED,        14.62,        15.39,-5
L,TECHERA ENGINEER (IND) L,       206.10,       216.95,-5
L,MCON RASAYAN INDIA LTD,       102.60,       108.00,-5
L,THINKING HATS ENTER SOL L,        27.55,        29.00,-5
L,SAHASRA ELECTRONIC SOLU L,       300.40,       316.20,-5
L,OBSC PERFECTION LIMITED,       290.35,       305.60,-4.99
L,EPPELTONE ENGINEERS LTD,       239.20,       251.70,-4.97
L,VERITAAS ADVERTISING LTD,        70.15,        73.80,-4.95
L,SHARDA CROPCHEM LTD.,       772.65,       812.25,-4.88
L,C P S SHAPERS LIMITED,       795.25,       836.00,-4.87
L,ENVIRO INFRA ENGINEERS L,       235.40,       247.21,-4.78
L,EMKAY TAP & CUT. TOOL LTD,       224.75,       236.00,-4.77
L,JALAN TRANSOLU. INDIA LTD,         8.00,         8.40,-4.76
L,ACCORD SYNERGY LIMITED,        22.10,        23.20,-4.74
L,UGRO CAPITAL LIMITED,       175.34,       183.96,-4.69
L,ESPRIT STONES LIMITED,       110.40,       115.80,-4.66
