SECURITY,NEW,PREVIOUS,NEW_STATUS
FORTIS HEALTHCARE LTD,793,782,H
GILLETTE INDIA LTD,10799,10778,H
SUVEN LIFE SCIENCES LTD,249,248.4,H
IRIS BUSINESS SERV LTD,276.05,267.5,H
RELIANCE POWER LTD.,68.25,66.9,H
HEC INFRA PROJECTS LTD,179.39,130.06,H
L&T FINANCE LIMITED,206.6,204.12,H
QUALITY POWER ELEC EQUP L,727.5,679.8,H
BALAJI PHOSPHATES LIMITED,147.8,146.95,H
GOI TBILL 182D-31/07/25,99.4,99.35,H
CUBE HIGHWAYS TRUST,127.5,124,H
MOTILALAMC - MOMGF,145.55,145.14,H
PATIL AUTOMATION LIMITED,183.7,179.35,H
LLOYD RS.0.50 PPD UP,45.42,41.9,H
CAMLIN FINE SCIENCES LTD,333.3,325.25,H
MANGALAM ALLOYS LIMITED,73.35,71.95,H
BALU FORGE INDUSTRIES LTD,675,673.05,H
AIRTEL RS. 1.25 PPD UP,1534.9,1500.45,H
MIRAEAMC - BANKETF,577.11,575.59,H
ASK AUTOMOTIVE LIMITED,526.65,508.95,H
LLOYDS METALS N ENERGY L,1558,1547.8,H
HERANBA INDUSTRIES LTD,315.9,315,H
CURA TECHNOLOGIES LIMITED,151.33,148.37,H
GOI TBILL 91D-01/08/25,99.39,99.3,H
SUPREME POWER EQUIPMENT L,223.05,218.7,H
READYMIX CONSTRU MACHI L,108.1,106.1,H
OSWAL PUMPS LIMITED,696,675.9,H
SOLARA RS. 7 PPD UP,467.9,451,H
UCL 10.39% SR II,1000.38,994.16,H
MOTILALAMC - MOTOUR,92.36,91.87,H
EID PARRY INDIA LTD,1074.9,1065,H
SOLAR INDUSTRIES (I) LTD,17368,17300,H
ABBOTT INDIA LIMITED,33255,32200,H
SUMEET IND LIMITED,71.38,67.99,H
SUNDARAM FINANCE HOLD LTD,526,515.5,H
INDIGRID INFRASTRUCT TRST,155.85,155.8,H
HOME FIRST FIN CO IND LTD,1399.9,1390,H
A B INFRABUILD LIMITED,161.79,157.99,H
SRM CONTRACTORS LIMITED,507.85,498,H
INNOVATIVE TYRE & TUBE LT,79.8,78.25,H
ABS MARINE SERVICES LTD,197.1,193.25,H
SEC RE NCD SR III,1193.35,1186.55,H
SDL TS 7.43% 2033,99.7,99,H
SEC RE NCD SR III,1150.25,1089,H
BLUSPRING ENTERPRISES LTD,75.39,70.9,H
REC LTD 0% 2034 SR 239,85000,82000,H
MAX FINANCIAL SERV LTD,1636,1629.9,H
NARAYANA HRUDAYALAYA LTD.,2145.9,2098.7,H
GLOBE INTL CARRIERS LTD,129.8,122,H
SPL INDUSTRIES LIMITED,42.9,41.31,H
KOTAKMAMC-KOTAKBKETF,587.85,586.58,H
NUVAMA WEALTH MANAGE LTD,7945,7800,H
ITC HOTELS LIMITED,226.4,224.67,H
BAJEL PROJECTS LIMITED,243,233.64,H
VISAMAN GLOBAL SALES LTD,48.25,47,H
PRABHA ENERGY LIMITED,306.88,282.28,H
M.V.K. AGRO FOOD PROD LTD,148.4,145.5,H
KABRAEXTRUSION,299.65,298.7,H
BHARTI AIRTEL LIMITED,2018.4,1970,H
R M DRIP & SPRINK SYS LTD,571.25,570,H
EDELAMC - EBANKNIFTY,57.35,57.17,H
KAVVERI DFS & WIR TEC LTD,47.4,46.48,H
CAPITAL TRUST LTD,0.03,0.02,H
LUMAX AUTO TECH LTD,1184.5,1166.2,H
MAX HEALTHCARE INS LTD,1275,1256.2,H
ADITYA BIRLA CAPITAL LTD.,278.05,274.3,H
PRAMARA PROMOTIONS LTD,183,180.75,H
HYUNDAI MOTOR INDIA LTD,2147.1,2144.9,H
MASON INFRATECH LIMITED,167.05,164.9,H
POLYSIL IRRIGATION SYST L,70.55,69.2,H
DHARMAJ CROP GUARD LTD,329.66,313.97,H
GOI TBILL 364D-26/03/26,95.81,94.58,H
SDL CG 7.39% 2033,100.35,100,H
INDIA GLYCOLS LTD,2059,2027,H
RELIANCE INFRASTRUCTU LTD,423,420,H
GANESH GREEN BHARAT LTD,507.7,504.65,H
GOI TBILL 364D-31/07/25,99.4,99.25,H
AXISAMC - AXISVALUE,29.8,29.62,H
SAMEERA AGRO AND INFRA L,25.25,25.1,H
INDOSOLAR LIMITED,221.18,210.65,H
AEROFLEX ENTERPRISES LTD,97.57,96.57,H
MULTI COMMODITY EXCHANGE,8888,8808,H
HDFC LIFE INS CO LTD,802.15,791.1,H
DODLA DAIRY LIMITED,1485,1481.6,H
AXISAMC - AXISBNKETF,585,582.3,H
MAHAMAYA STEEL INDS LTD,352,351.5,H
TEJAS CARGO INDIA LIMITED,198,176.7,H
ETERNAL LIMITED,266.25,264,H
LLOYDS ENTERPRISES LTD,81,79.5,H
PROLIFE INDUSTRIES LTD,159,153.5,H
ISHAN DYES N CHEMICALS L,59.9,55,H
C2C ADVANCED SYSTEMS LTD,654.6,641.8,H
SEC RE NCD SR 6,1144.2,1125,H
GOI TBILL 182D-23/10/25,98.05,98.04,H
GROWWAMC - GROWWLOVOL,11.5,10.5,H
CALSOFT RS.2.50 PPD UP,4.21,4.01,H
MONOLITHISCH INDIA LTD,279.4,267.35,H
SDL AP 7.43% 2031,100,99.4,H
NAMO EWASTE MANAGEMENT L,137,138.8,L
PROTEAN EGOV TECHNO LTD,855.05,857.9,L
HOMESFY REALTY LIMITED,260.45,268,L
YUDIZ SOLUTIONS LIMITED,30.9,31.5,L
ON DOOR CONCEPTS LIMITED,143.65,144.25,L
GENSOL ENGINEERING LTD,41.14,41.98,L
ARUNAYA ORGANICS LIMITED,30.2,30.5,L
BLUE WATER LOGISTICS LTD,165,166,L
SHEETAL UNIVERSAL LIMITED,114.05,115.25,L
ASL INDUSTRIES LIMITED,42.8,43.65,L
UNIMECH AEROSPACE N MFG L,1225.5,1260.1,L
KABRA JEWELS LIMITED,117,120,L
OLA ELECTRIC MOBILITY LTD,43.01,43.16,L
SONA MACHINERY LIMITED,75,78.4,L
BLUSPRING ENTERPRISES LTD,67.06,67.25,L
INFLUX HEALTHTECH LIMITED,120,125.9,L
TRIDHYA TECH LIMITED,18.2,19,L
NEPHRO CARE INDIA LIMITED,116.7,119,L
ATC ENERGIES SYSTEM LTD,75.05,78.2,L
SADHANA NITROCHEM LIMITED,9.9,10.43,L
AGARWAL TOUGH GLASS IND L,114,117.7,L
NIKITA PAPERS LIMITED,95.5,98,L
OSIA HYPER RETAIL LIMITED,14.62,15.39,L
SABAR FLEX INDIA LIMITED,3.8,4,L
DHRUV CONSULTANCY SER LTD,63.85,64.51,L
REX PIPES AND CABLES LTD,128.25,130.85,L
SEC RE NCD 9.85% SR.VIII,550.5,560,L
JINDAL PHOTO LIMITED,960.4,980,L
EPPELTONE ENGINEERS LTD,239.15,243.2,L
APMD 9.30% 2035 STRPP I,100300,102698.37,L
ACUTAAS CHEMICALS LIMITED,1059,1072,L
ADITYA BIRLA LIFES BRAN L,151,152.05,L
AXITA COTTON LIMITED,8.97,8.98,L
GLOBALE TESSILE LIMITED,14.5,14.76,L
QUADPRO ITES LIMITED,4.1,4.8,L
KEN ENTERPRISES LIMITED,38.5,38.75,L
PARAMOUNT DYE TEC LIMITED,60.55,60.95,L
ETHOS LIMITED,725.1,750,L

