1,AARTIPHARM,INE0LRU01027,866.5,20
2,DEEPAKNTR,INE288B01029,1944.7,20
3,TVSSCS,INE395N01027,136.77,20
4,NFL,INE870D01012,100.96,20
5,MARUTI,INE585B01010,12767,9
6,HYUNDAI,INE0V6F01027,2125.9,20
7,SWANENERGY,INE665A01038,444.6,22.34
8,RAJESHEXPO,INE343B01030,196.98,20
9,BLUESTARCO,INE472A01039,1645.5,20
10,SGBJAN29IX,IN0020200377,9861.13,10
11,BECTORFOOD,INE495P01012,1353.5,20
12,INDIAGLYCO,INE560A01015,2012.5,20
13,PGEL,INE457L01029,762.7,23.47
14,PREMIERENE,INE0BS701011,1019,20
15,SGBSEP27,IN0020190115,9999,10
16,SGBNOV25VI,IN0020170083,9860,10
17,RECLTD,INE020B01018,398.5,20
18,SGBAUG27,IN0020190107,9799,10
19,SGBMAY26,IN0020180033,9843.28,10
20,FLUOROCHEM,INE09N301011,3469.4,20
21,GOLDCASE,INF0R8F01042,15.38,20
22,PAGEIND,INE761H01022,48285,20
23,EICHERMOT,INE066A01021,5576,10.12
24,NMDC,INE584A01023,69.02,20
25,KIRLOSENG,INE146L01010,853.7,20
26,DHANI,INE274G01010,69.53,26.96
27,MOIL,INE490G01020,372.8,20
28,ANANTRAJ,INE242C01024,566.25,24.37
29,ETERNAL,INE758T01015,258.86,17.07
30,LMW,INE269B01029,16175,20
31,TIINDIA,INE974X01010,2856.2,20
32,CHAMBLFERT,INE085A01013,560.3,20
33,KIRLPNU,INE811A01020,1430.8,20.29
34,SGBNOV25,IN0020170091,9899,10
35,HSCL,INE019C01026,452.65,20
36,RCF,INE027A01015,158.05,20
37,NCC,INE868B01028,227.4,20
38,IREDA,INE202E01016,171.6,20.19
39,VENUSPIPES,INE0JA001018,1386.5,20
40,TITAN,INE280A01028,3652.2,9
41,BASF,INE373A01013,5004.5,20
42,NIFTYIETF,INF109K012R6,281.84,6
43,HDFCBANK,INE040A01034,1980.2,9
44,HINDALCO,INE038A01020,672.65,12.35
45,TRANSRAILL,INE454P01035,630.7,20
46,LIQUIDBEES,INF732E01037,1000,5
47,POWERINDIA,INE07Y701011,19636,22.12
48,TATACONSUM,INE192A01025,1126.5,9.47
49,SENORES,INE0RB801010,571.9,20
50,SGBMAR30X,IN0020210319,10020,10
51,TANLA,INE483C01032,653.55,20
52,CASHIETF,INF109K1A021,1016.34,5
53,TORNTPHARM,INE685A01028,3226.7,20
54,INOXGREEN,INE510W01014,154.57,100
55,YESBANK,INE528G01035,20.23,20
56,COLPAL,INE259A01022,2419.8,20
57,IGIL,INE0Q9301021,358.35,20
58,SGBJUN30,IN0020220045,10048,10
59,SHRIRAMPPS,INE217L01019,103.6,20.93
60,SGBOCT25IV,IN0020170067,9811.01,10
61,DMART,INE192R01011,4276.4,20
62,SANOFI,INE058A01010,6078.5,20
63,SULA,INE142Q01026,304.55,20
64,ABSLLIQUID,INF209KB18T9,999.99,5
65,INDUSTOWER,INE121J01017,415.5,20
66,UCOBANK,INE691A01018,30.14,20
67,DOMS,INE321T01012,2503.2,20
68,AADHARHFC,INE883F01010,441.5,20
69,JUNIORBEES,INF732E01045,725.03,7.2
70,KFINTECH,INE138Y01010,1336.7,21.81
71,FORTIS,INE061F01013,779.8,20
72,BERGEPAINT,INE463A01038,568.3,20
73,OIL,INE274J01014,441.1,20
74,SCHNEIDER,INE839M01018,797.1,100
75,ITC,INE154A01025,416.35,9
76,EMAMILTD,INE548C01032,572.2,20
77,EBBETF0431,INF754K01LE1,1362.89,20
78,DRREDDY,INE089A01031,1341.6,9
79,3MINDIA,INE470A01017,28500,20
80,GUJGASLTD,INE844O01030,456.95,20
81,IXIGO,INE0HV901016,176.21,20
82,CONSUMBEES,INF204KA1LD7,129.97,20
83,LTF,INE498L01015,201.51,20
84,VTL,INE825A01020,488,20
85,ICICIB22,INF109KB15Y7,109.27,20
86,JYOTHYLAB,INE668F01031,337.1,20
87,INDIANB,INE562A01011,620.7,20
88,MANKIND,INE634S01028,2308.8,20
89,SARDAEN,INE385C01021,438.85,20
90,GMDCLTD,INE131A01031,403.5,20
91,SGLTL,INE0M4D01010,174.15,100
92,ASTRAL,INE006I01046,1505.4,20
93,SONACOMS,INE073K01018,480.8,20
94,HAVELLS,INE176B01034,1569.3,20
95,INTELLECT,INE306R01017,1116.4,20
96,WAAREEENER,INE377N01017,2942.1,20
97,SAFARI,INE429E01023,2149.3,20
98,PFIZER,INE182A01018,5572.5,20
99,MCX,INE745G01035,8662,20
100,GROWWGOLD,INF666M01IW1,96.06,20
101,ARVIND,INE034A01011,354.65,20
102,NORTHARC,INE850M01015,243.1,20
103,DCBBANK,INE503A01015,143.22,20
104,RRKABEL,INE777K01022,1348.7,20
105,JSWINFRA,INE880J01026,311.9,20
106,BIOCON,INE376G01013,351.4,20
107,DCXINDIA,INE0KL801015,288,21.39
108,PIIND,INE603J01030,4168,20
109,INDUSINDBK,INE095A01012,829.8,18.55
110,TATAPOWER,INE245A01021,403.05,20
111,BRITANNIA,INE216A01030,5708,20
112,MSTCLTD,INE255X01014,519.45,20.28
113,SGBNOV258,IN0020170109,9890,10
114,SGBOCT27VI,IN0020190388,9800,10
115,BPCL,INE029A01011,319.6,20
116,SGBDE30III,IN0020220110,10191.77,10
117,ABB,INE117A01022,5966.5,20
118,APTUS,INE852O01025,322.6,20
119,GOLDBEES,INF204KB17I5,81.11,20
120,AFCONS,INE101I01011,437.85,20
121,CEATLTD,INE482A01020,3646.8,20
122,NSLNISP,INE0NNS01018,39.47,20
123,SGBOCT25V,IN0020170075,9820,10
124,MRF,INE883A01011,139255,20
125,SGBJUN28,IN0020200104,9767.84,10
126,SYNGENE,INE398R01022,651.4,20
127,INOXINDIA,INE616N01034,1198.6,20
128,ACC,INE012A01025,1854.2,20
129,GOLDSHARE,INF789F1AUX7,82.1,20
130,GRINDWELL,INE536A01023,1709.9,20
131,SHREECEM,INE070A01015,29075,20
132,ITIETF,INF109KC16I6,42.35,20
133,PHARMABEES,INF204KC1089,22.21,20
134,CLEAN,INE227W01023,1502.7,20
135,GRSE,INE382Z01011,3003.1,27.74
136,HCLTECH,INE860A01027,1717.1,10.39
137,JUBLPHARMA,INE700A01033,1183.9,20
138,TIMKEN,INE325A01013,3388.6,20
139,SGBMAR28X,IN0020190552,9839.99,10
140,SGBSEP31II,IN0020230093,10321.98,10
141,IIFL,INE530B01024,481.85,20
142,SBFC,INE423Y01016,106.59,20
143,ARE&M,INE885A01032,969.6,20
144,NIITLTD,INE161A01038,131.56,23.3
145,ADANIENSOL,INE931S01010,850.2,22.16
146,KAYNES,INE918Z01012,5850,20.7
147,STARCEMENT,INE460H01021,213.5,20
148,SPARC,INE232I01014,159.07,21.65
149,SGBJUL25,IN0020170034,9780.5,10
150,SANOFICONR,INE0UOS01011,5155.5,20
151,EXIDEIND,INE302A01020,385.8,20
152,AONELIQUID,INF1J2R01056,1013.88,5
153,ABREL,INE055A01016,2358.5,20
154,THERMAX,INE152A01029,3444.5,20
155,WAAREERTL,INE299N01021,1000.9,25.46
156,NEXT50IETF,INF109KC1NS5,70.81,7.13
157,GOKEX,INE887G01027,884.3,20
158,GILLETTE,INE322A01010,10482,20
159,MOTILALOFS,INE338I01027,869,21.16
160,SGBOCT27,IN0020190370,9801,10
161,JSWSTEEL,INE019A01038,1024.45,10.73
162,TDPOWERSYS,INE419M01027,520.25,20
163,BAJAJHLDNG,INE118A01012,13721,20
164,TTML,INE517B01013,66.8,100
165,IDEAFORGE,INE349Y01013,601.4,21.76
166,IOLCP,INE485C01029,97.14,20
167,M&MFIN,INE774D01024,266.4,20
168,MOM30IETF,INF109KC17C7,32.27,7.93
169,KNRCON,INE634I01029,230.68,20
170,EIEL,INE0LLY01014,247.21,20
171,IFCI,INE039A01010,63.68,26.33
172,MOBIKWIK,INE0HLU01028,245.55,20
173,RAIN,INE855B01025,147.75,20
174,IRFC,INE053F01010,139.57,20
175,WIPRO,INE075A01022,269.41,10.99
176,TATATECH,INE142M01025,699.9,20
177,ATUL,INE100A01010,7357,20
178,NEWGEN,INE619B01017,1151.6,23.71
179,NIACL,INE470Y01017,190.25,20
180,INTERARCH,INE00M901018,2121.7,100
181,DIVISLAB,INE361B01024,6586.5,20
182,MTNL,INE153A01019,53.11,26.61
183,ASTERDM,INE914M01019,591.65,20
184,JTLIND,INE391J01032,74.13,21.13
185,SHARDACROP,INE221J01015,812.25,21.34
186,KPIGREEN,INE542W01025,498.55,21.86
187,SGBAPR28I,IN0020200062,9899,10
188,SWSOLAR,INE00M201021,317.1,21.17
189,ABSLAMC,INE404A01024,778.35,20
190,AARTIDRUGS,INE767A01016,451.8,20
191,BANKBEES,INF204KB15I9,581.12,20
192,SGBAUG29V,IN0020210129,9892.43,10
193,ABDL,INE552Z01027,432.45,20
194,TRENT,INE849A01020,6124.5,16.29
195,EBBETF0430,INF754K01KO2,1518.42,20
196,MFSL,INE180A01020,1627.8,20
197,FINCABLES,INE235A01022,939.2,20
198,PVRINOX,INE191H01014,966.55,20
199,TATACHEM,INE092A01019,939.95,20
200,KAJARIACER,INE217B01036,1105.7,20
201,SILVERBEES,INF204KC1402,101.88,20
202,APLLTD,INE901L01018,971.9,20
203,CAPLIPOINT,INE475E01026,2107.9,20
204,SGBNV29VII,IN0020210178,9949,10
205,POLYCAB,INE455K01017,6441,20
206,BSOFT,INE836A01035,443.65,20
207,AJANTPHARM,INE031B01049,2585.2,20
208,PVTBANIETF,INF109KC18U7,28.12,20
209,ACI,INE128X01021,635.35,20
210,HONAUT,INE671A01010,38760,20
211,SIEMENS,INE003A01024,3149.1,20
212,HAL,INE066F01020,4792.7,20
213,HINDCOPPER,INE531E01026,259.22,20
214,TRIDENT,INE064C01022,30.59,20
215,SGBJUN29II,IN0020210061,9774.86,10
216,AUBANK,INE949L01017,807.05,20
217,MOREPENLAB,INE083A01026,62.89,21.81
218,MAZDOCK,INE249Z01020,3192.7,24.03
219,UPL,INE628A01036,650.7,20
220,SGBJUL27,IN0020190081,9790,10
221,MARKSANS,INE750C01026,247,21.06
222,SAREGAMA,INE979A01025,502.25,20
223,HCC,INE549A01026,31.28,100
224,POLICYBZR,INE417T01026,1839.8,20
225,CENTURYPLY,INE348B01021,737.2,20
226,HDFCLIFE,INE795G01014,785.1,9.3
227,ECLERX,INE738I01010,3509.9,20
228,HIKAL,INE475B01022,366.45,20
229,APARINDS,INE372A01015,8083,20.55
230,TRITURBINE,INE152M01016,611.95,21.13
231,SOUTHBANK,INE683A01023,30.57,20
232,ALPHA,INF174KA1IA5,51.07,9.08
233,HOMEFIRST,INE481N01025,1378.9,20
234,ALOKINDS,INE270A01029,19.55,20.1
235,LTFOODS,INE818H01020,448.9,20
236,PEL,INE140A01024,1127,20
237,GMMPFAUDLR,INE541A01023,1187.9,20
238,NAUKRI,INE663F01032,1509.6,20
239,ATHERENERG,INE0LEZ01016,340.9,20
240,SUMICHEM,INE258G01013,511.55,20
241,APLAPOLLO,INE702C01027,1795.9,20
242,GOODLUCK,INE127I01024,1101.25,20.89
243,KTKBANK,INE614B01018,207.4,20
244,ORIENTCEM,INE876N01018,227.5,20
245,RAYMOND,INE301A01014,600.45,22.19
246,POLYPLEX,INE633B01018,1244.5,20
247,BOMDYEING,INE032A01023,155.27,20
248,GIPCL,INE162A01010,209.65,20
249,SGBJUL28IV,IN0020200146,9770.4,10
250,TRIVENI,INE256C01024,392.85,20
251,PSPPROJECT,INE488V01015,752.2,20
252,SGBOCT25,IN0020170059,10000,10
253,MASTEK,INE759A01021,2506.9,20
254,CARTRADE,INE290S01011,1629.4,20.83
255,LODHA,INE670K01029,1456.6,20
256,RADICO,INE944F01028,2690.2,20
257,PERSISTENT,INE262H01021,6108.5,20
258,RTNINDIA,INE834M01019,59.57,22.45
259,SGBD29VIII,IN0020210228,9889,10
260,GODIGIT,INE03JT01014,355.2,20
261,SMALLCAP,INF769K01LC3,47.92,8.18
262,NATCOPHARM,INE987B01026,878.8,20
263,BANDHANBNK,INE545U01014,181.99,20
264,SGBAUG28V,IN0020200161,9782.01,10
265,JSFB,INE953L01027,509.65,20
266,MGL,INE002S01010,1445.5,20
267,MAHABANK,INE457A01014,54.3,20
268,GODREJIND,INE233A01035,1247.2,20
269,FEDERALBNK,INE171A01029,210.4,20
270,LLOYDSENGG,INE093R01011,59.23,23.78
271,BHARTIHEXA,INE343G01021,1869.2,20
272,HDFCSILVER,INF179KC1DI2,102.06,20
273,ALKYLAMINE,INE150B01039,2336.2,20
274,PETRONET,INE347G01014,296.4,20
275,ESCORTS,INE042A01014,3304.6,20
276,FCL,INE045J01026,277.74,20
277,SETFNIF50,INF200KA1FS1,267.68,6
278,SGBN28VIII,IN0020200286,9856.5,10
279,LIQUIDBETF,INF0QA701854,1036.24,5
280,NOCIL,INE163A01018,189.54,20
281,CGPOWER,INE067A01029,676.6,20
282,PRAKASH,INE603A01013,162.99,20
283,CHOLAFIN,INE121A01024,1608.8,20
284,M&M,INE101A01026,3215.5,12.01
285,UNOMINDA,INE405E01023,1072.7,20
286,JWL,INE209L01016,382.1,22.74
287,SHRIRAMFIN,INE721A01047,675.1,14.75
288,AWL,INE699H01024,259.5,20
289,MMTC,INE123F01029,71.31,23.52
290,HBLENGINE,INE292B01021,590.1,21.57
291,ELGIEQUIP,INE285A01027,533.35,20
292,SWIGGY,INE00H001014,399.95,20
293,MID150BEES,INF204KB1V68,222.67,6.98
294,JCHAC,INE782A01015,1773.2,20
295,PGHH,INE179A01014,13503,20
296,SANSERA,INE953O01021,1363.4,20
297,TVSMOTOR,INE494B01023,2916.8,20
298,PNCINFRA,INE195J01029,302.9,20
299,SDBL,INE480C01038,170.15,20
300,GAEL,INE036B01030,114.59,20
301,ITCHOTELS,INE379A01028,220.21,20
302,SRF,INE647A01010,3080.5,20
303,CHALET,INE427F01016,918.7,20
304,BANKINDIA,INE084A01016,116.15,20
305,ZYDUSLIFE,INE010B01027,974.75,20
306,GABRIEL,INE524A01029,637.3,20
307,CANBK,INE476A01022,110.71,20
308,KARURVYSYA,INE036D01028,248.07,20
309,ADANIENT,INE423A01024,2527.2,18.94
310,GODFRYPHLP,INE260B01028,8280,25.22
311,SOBHA,INE671H01015,1525.2,20
312,PGHL,INE199A01012,5903.5,20
313,PAYTM,INE982J01020,894.7,21.82
314,CDSL,INE736A01011,1744.3,20
315,MUTHOOTFIN,INE414G01012,2574,20
316,MAHLIFE,INE813A01018,367.6,20
317,JKTYRE,INE573A01042,356.5,20
318,UBL,INE686F01025,1937.4,20
319,TIPSMUSIC,INE716B01029,677,20
320,AAVAS,INE216P01012,1881.2,20
321,ENGINERSIN,INE510A01028,235.66,20
322,AFFLE,INE00WC01027,1937.8,20
323,VAIBHAVGBL,INE884A01027,240.3,20
324,WSTCSTPAPR,INE976A01021,510.25,20
325,COFORGE,INE591G01025,1880,20
326,KPRMILL,INE930H01031,1127.6,20
327,LIQUIDSHRI,INF680P01422,1058.75,5
328,CYIENTDLM,INE055S01018,473.7,20
329,TFCILTD,INE305A01015,229.67,20.81
330,ONGC,INE213A01029,241.91,12.62
331,HEXT,INE093A01041,846.35,20
332,GODREJCP,INE102D01028,1185.3,20
333,ANGELONE,INE732I01013,2861.3,21.04
334,ZFCVINDIA,INE342J01019,13284,20
335,HEROMOTOCO,INE158A01026,4300.8,10.17
336,IONEXCHANG,INE570A01022,532.75,20
337,GODREJPROP,INE484J01027,2403.3,20
338,RBA,INE07T201019,82.31,20
339,IGL,INE203G01027,209.14,20
340,GICRE,INE481Y01014,384.7,20
341,APOLLOHOSP,INE437A01024,7042,9
342,KEC,INE389H01022,927.7,20
343,SAIL,INE114A01011,128.26,20
344,LICHSGFIN,INE115A01026,610.05,20
345,INDIGO,INE646L01027,5639,20
346,TATASTEEL,INE081A01020,156.39,11.89
347,SGBMAY29I,IN0020210053,9826.62,10
348,IDBI,INE008A01015,94.54,20
349,SGBJAN26,IN0020170166,9949.5,10
350,ZENSARTECH,INE520A01027,852.45,20
351,AXISGOLD,INF846K01W80,81.48,20
352,FIEMIND,INE737H01014,1874.1,20
353,MEDPLUS,INE804L01022,883.8,20
354,YATHARTH,INE0JO301016,525.85,20
355,NUVOCO,INE118D01016,348.65,20
356,CUB,INE491A01021,199.02,20
357,FIVESTAR,INE128S01021,753,20
358,RVNL,INE415G01027,399.4,22.98
359,BAJAJFINSV,INE918I01026,2011.8,10.24
360,NEULANDLAB,INE794A01010,12021,22.86
361,BEML,INE258A01016,4447.5,22.25
362,GPPL,INE517F01014,162.04,20
363,SUNDARMFIN,INE660A01013,4928.5,20
364,RBLBANK,INE976G01028,235.72,20
365,OLECTRA,INE260D01016,1188.5,20
366,MINDACORP,INE842C01021,511.65,20
367,VINATIORGA,INE410B01037,1973.4,20
368,RELIANCE,INE002A01018,1467.3,9
369,ANURAS,INE930P01018,1133.8,20
370,AHLUCONT,INE758C01029,949.7,20
371,SIGNATURE,INE903U01023,1251.9,20
372,DEEPAKFERT,INE501A01019,1606.8,20
373,HAPPSTMNDS,INE419U01012,650.5,20
374,SFL,INE916U01025,758.95,20
375,WELSPUNLIV,INE192B01031,139.82,20
376,KOTAKBANK,INE237A01028,2198.3,9.19
377,INFY,INE009A01021,1614.9,10.09
378,LIQUID,INF769K01KS1,999.99,5
379,HDFCLIQUID,INF179KC1JG3,1016.67,5
380,SHAREINDIA,INE932X01026,184.22,20
381,LATENTVIEW,INE0I7C01011,412.65,20
382,VARROC,INE665L01035,572.9,20
383,KANSAINER,INE531A01024,243.75,20
384,SBIN,INE062A01020,800.05,9.75
385,DELTACORP,INE124G01033,89.98,20
386,LINDEINDIA,INE473A01011,6604.5,20
387,PRESTIGE,INE811K01011,1748.6,20
388,GRASIM,INE047A01021,2831.8,9.28
389,NHPC,INE848E01016,84.97,20
390,SHILPAMED,INE790G01031,856.9,100
391,TECHM,INE669C01036,1705,10.58
392,SGBDEC2513,IN0020170158,10000,10
393,REDINGTON,INE891D01026,306.95,20
394,ALKEM,INE540L01014,4854,20
395,NTPC,INE733E01010,330.85,10.88
396,JIOFIN,INE758E01017,303.3,13.45
397,PIDILITIND,INE318A01026,3005.9,20
398,HERITGFOOD,INE978A01027,488.8,20
399,RENUKA,INE087H01022,33.13,20
400,GANECOS,INE845D01014,1471.1,20
401,LICI,INE0J1Y01017,951.1,20
402,PPLPHARMA,INE0DK501011,201.95,20
403,JINDALSAW,INE324A01032,240.91,20.67
404,JBCHEPHARM,INE572A01036,1797.1,20
405,UNITDSPR,INE854D01024,1454.9,20
406,SGBNOV26,IN0020180314,9711.02,10
407,SGBSEP28VI,IN0020200195,9785.36,10
408,SGBDEC25,IN0020170125,10100,10
409,JAMNAAUTO,INE039C01032,94.32,20
410,BAJAJHFL,INE377Y01014,121.73,20
411,CMSINFO,INE925R01014,490.4,20
412,ARVINDFASN,INE955V01021,498.5,20
413,SBICARD,INE018E01016,969.8,20
414,LOWVOLIETF,INF109KC19U5,21.81,6
415,PHOENIXLTD,INE211B01039,1619.3,20
416,AUROPHARMA,INE406A01037,1120.2,20
417,CERA,INE739E01017,6775.5,20
418,BBETF0432,INF754K01OB1,1280,20
419,VPRPL,INE0AE001013,163.86,20.35
420,GATEWAY,INE079J01017,65.99,20
421,TBOTEK,INE673O01025,1301.2,20
422,AVANTEL,INE005B01027,158.49,20
423,HINDUNILVR,INE030A01027,2278.7,9
424,LUPIN,INE326A01037,1935.3,20
425,ITBEES,INF204KB15V2,42.44,20
426,ALPL30IETF,INF109KC17V7,27.8,6
427,SETFGOLD,INF200KA16D8,83.54,20
428,SUDARSCHEM,INE659A01023,1221.2,20
429,KSB,INE999A01023,805.15,20
430,LAURUSLABS,INE947Q01028,669.95,20
431,SUPREMEIND,INE195A01028,4412,20
432,LTIM,INE214T01019,5436,20
433,SYMPHONY,INE225D01027,1082.5,20
434,SGBOCT26,IN0020180249,9900,10
435,HINDOILEXP,INE345A01011,171.42,20
436,MON100,INF247L01AP3,185.11,9.58
437,VIPIND,INE054A01027,421.15,20
438,SUPRIYA,INE07RO01027,670.95,21.27
439,PTC,INE877F01012,176.29,20
440,HDFCAMC,INE127D01025,5092.3,20
441,JUSTDIAL,INE599M01018,918.9,20
442,GOLD1,INF174KA1HJ8,81.73,20
443,MOSCHIP,INE935B01025,179.51,24.41
444,ACE,INE731H01025,1216.5,20
445,THOMASCOOK,INE332A01027,164.83,21.54
446,SGBJ28VIII,IN0020190537,9800,10
447,LIQUIDETF,INF740KA1EU7,1000,5
448,UJJIVANSFB,INE551W01018,49.37,20
449,KALYANKJIL,INE303R01014,540.35,20
450,SYRMA,INE0DYJ01015,538.85,21.22
451,BALRAMCHIN,INE119A01028,597.25,20
452,PATELENG,INE244B01030,41.21,20
453,TATAELXSI,INE670A01012,6266.5,20
454,PROTEAN,INE004A01022,860.4,20.74
455,SGBMAR31IV,IN0020220169,10101.16,10
456,DBL,INE917M01012,498.75,20
457,SGBJAN30IX,IN0020210236,10046.81,10
458,PNBHOUSING,INE572E01012,1083.1,20
459,PSUBNKBEES,INF204KB16I7,77.63,20
460,ADANIPORTS,INE742F01042,1393.1,15.1
461,HINDZINC,INE267A01025,442.1,20
462,NYKAA,INE388Y01029,204.14,20
463,JISLJALEQS,INE175A01038,59.39,21.2
464,VESUVIUS,INE386A01023,572.5,20
465,J&KBANK,INE168A01041,110.01,20
466,PENIND,INE932A01024,233.21,23.04
467,SGBSEP29VI,IN0020210145,9789.92,10
468,KIMS,INE967H01025,652.25,20
469,VIJAYA,INE043W01024,966.05,20
470,METROPOLIS,INE112L01020,1708.2,20
471,HGINFRA,INE926X01010,1040.1,20
472,PCBL,INE602A01031,413.8,20
473,TATACOMM,INE151A01013,1672.2,20
474,GROWWLIQID,INF666M01IP5,104.58,5
475,ATGL,INE399L01023,634.15,20
476,DATAPATTNS,INE0IX101010,2790.6,23.02
477,RAINBOW,INE961O01016,1472,20
478,METALIETF,INF109KC19W1,9.33,20
479,TEXRAIL,INE621L01012,173.39,22.71
480,SUNDRMFAST,INE387A01021,986.6,20
481,ASHOKLEY,INE208A01029,244.61,20
482,AMBER,INE371P01015,6836.5,20.59
483,GSPL,INE246F01010,320,20
484,SGBDC27VII,IN0020190461,9856,10
485,BDL,INE171Z01026,1814.9,20
486,TATAMOTORS,INE155A01022,674.5,12.56
487,SGBNOV25IX,IN0020170117,9899.5,10
488,FORCEMOT,INE451A01017,13887,22.36
489,BATAINDIA,INE176A01028,1215,20
490,MIDCAPIETF,INF109KC11W8,22.29,6.98
491,INFIBEAM,INE483S01020,21.2,20
492,CSBBANK,INE679A01013,396.65,20
493,JKCEMENT,INE823G01014,6032.5,20
494,WABAG,INE956G01038,1494.2,20
495,KRN,INE0Q3J01015,840.55,20
496,AVANTIFEED,INE871C01038,741.15,20
497,JYOTICNC,INE980O01024,1130.3,20.42
498,DAMCAPITAL,INE284H01025,249.95,20
499,ASHOKA,INE442H01029,210.37,20
500,POLYMED,INE205C01021,2192.8,20
501,COROMANDEL,INE169A01031,2354.8,20
502,CIEINDIA,INE536H01010,450.55,20
503,SGBDEC26,IN0020180389,9870,10
504,GLENMARK,INE935A01035,1717.1,20
505,SAMHI,INE08U801020,219.01,20
506,LT,INE018A01030,3619.8,10.26
507,STARHEALTH,INE575P01011,430.1,20
508,AXISBANK,INE238A01034,1213.3,9.34
509,RAILTEL,INE0DD101019,423.35,22.89
510,JSWENERGY,INE121E01018,507.7,20
511,VMM,INE01EA01019,133.5,20
512,ELECTCAST,INE086A01029,133.43,21.5
513,CAPACITE,INE264T01014,326.9,20
514,BSE,INE118H01025,2789,24.23
515,IPCALAB,INE571A01038,1357.7,20
516,FDC,INE258B01022,471.75,20
517,CENTRALBK,INE483A01010,38.88,20
518,DBREALTY,INE879I01012,226.64,24.24
519,HINDPETRO,INE094A01015,408.15,20
520,NLCINDIA,INE589A01014,228.05,20
521,SURYAROSNI,INE335A01020,343.5,20.36
522,LTGILTBEES,INF204KB1882,28.85,10
523,INGERRAND,INE177A01018,3790.9,20
524,BAJFINANCE,INE296A01032,928,10.46
525,ABBOTINDIA,INE358A01014,31680,20
526,PARADEEP,INE088F01024,165.73,20.38
527,ACUTAAS,INE00FF01025,1086.4,20
528,SCI,INE109A01011,223.83,22.09
529,IOC,INE242A01010,141.98,20
530,OBEROIRLTY,INE093I01010,1989,20
531,BALKRISIND,INE787D01026,2399.5,20
532,IEX,INE022Q01020,189.01,20
533,NTPCGREEN,INE0ONG01011,107.24,20
534,EMBDL,INE069I01010,127,23.32
535,ENDURANCE,INE913H01037,2756,20
536,MIDHANI,INE099Z01011,435.45,20.63
537,ANUP,INE294Z01018,2667.7,20.96
538,INDHOTEL,INE053A01029,781.9,20
539,HIMATSEIDE,INE049A01027,151.21,21.42
540,AUTOBEES,INF204KC1337,242.96,20
541,GENESYS,INE727B01026,638.85,23.96
542,PNB,INE160A01022,105.94,20
543,ISGEC,INE858B01029,1204.5,20
544,FSL,INE684F01012,388.85,20
545,ULTRACEMCO,INE481G01011,11733,9.1
546,ASTRAZEN,INE203A01020,8847,20
547,PRINCEPIPE,INE689W01016,342.9,20
548,BANKBARODA,INE028A01039,239.06,20
549,ICICIGI,INE765G01017,2010.8,20
550,GHCL,INE539A01019,608.6,20
551,SUNPHARMA,INE044A01036,1669.6,9
552,APOLLO,INE713T01028,197.38,25.23
553,LIQUIDCASE,INF0R8F01034,109.19,5
554,RAMCOCEM,INE331A01037,1042.85,20
555,GLAND,INE068V01023,1780.3,20
556,BEL,INE263A01024,406.05,14.12
557,SKIPPER,INE439E01022,500.25,23.75
558,CONCOR,INE111A01025,756.15,20
559,GMRAIRPORT,INE776C01039,83.58,20
560,SGBDEC25XI,IN0020170133,9869.13,10
561,INDGN,INE065X01017,580.55,20
562,SAMMAANCAP,INE148I01020,143.5,20
563,FMCGIETF,INF109KC19V3,58.26,20
564,GAIL,INE129A01019,183.98,20
565,PATANJALI,INE619A01035,1633.1,20
566,CREDITACC,INE741K01010,1202.9,20
567,DELHIVERY,INE148O01028,388.15,20
568,ABFRL,INE647O01011,74.84,20
569,FINPIPE,INE183A01024,216.75,20
570,SGBJU29III,IN0020210087,9778.16,10
571,IOB,INE565A01014,38.15,20
572,TMB,INE668A01016,442.1,20
573,SCHAEFFLER,INE513A01022,3930.4,20
574,ICICIPRULI,INE726G01019,634.65,20
575,CHOICEIN,INE102B01014,709.55,20
576,SUZLON,INE040H01021,64.32,20
577,ABCAPITAL,INE674K01013,272.33,20
578,UTIAMC,INE094J01016,1277.8,20
579,TIMETECHNO,INE508G01029,453.9,21.13
580,BAJAJCON,INE933K01021,207.29,20
581,GLOBUSSPR,INE615I01010,962.55,20
582,MANINFRA,INE949H01023,181.15,20
583,BALUFORGE,INE011E01029,668.65,100
584,DIXON,INE935N01020,14165,20
585,MSUMI,INE0FS801015,59.76,20
586,CYIENT,INE136B01020,1296.6,20
587,SGBMAY28,IN0020200088,9778.56,10
588,SHRIPISTON,INE526E01018,2421,20
589,NATIONALUM,INE139A01034,187.94,20
590,KSCL,INE455I01029,1186.5,20
591,MEDIASSIST,INE456Z01021,494.6,20
592,BHARTIARTL,INE397D01024,1965.6,9
593,DALBHARAT,INE00R701025,2094.2,20
594,BEPL,INE922A01025,115.72,20
595,SILVER,INF209KB19F6,106.08,20
596,RPOWER,INE614G01033,66.75,100
597,NIVABUPA,INE995S01015,82.02,20
598,PRAJIND,INE074A01025,500.4,20
599,MRPL,INE103A01014,141.23,20
600,LIQUID1,INF174KA1LV5,1056.34,5
601,DCW,INE500A01029,78.9,20
602,BHARATFORG,INE465A01025,1275.1,20
603,VEDL,INE205A01025,441.95,20
604,GPIL,INE177H01039,185.39,20
605,WONDERLA,INE066O01014,641.25,20
606,AMBUJACEM,INE079A01024,559.4,20
607,VOLTAS,INE226A01021,1311,20
608,HCG,INE075I01017,540.45,20
609,NAM-INDIA,INE298J01013,792.6,20
610,CANFINHOME,INE477A01020,784.3,20
611,COCHINSHIP,INE704P01025,2134,23.46
612,SILVERIETF,INF109KC1Y56,106.03,20
613,TATAINVEST,INE672A01018,6794.5,20
614,PARAS,INE045601015,1592.7,23.06
615,MAPMYINDIA,INE0BV301023,1765.7,20
616,DLF,INE271C01023,854.35,20
617,AGARWALEYE,INE943P01029,401.85,20
618,CARBORUNIV,INE120A01034,978,20
619,NESCO,INE317F01035,1091.2,20
620,GOLDETF,INF769K01JP9,95.13,20
621,SGBJUN27,IN0020190073,9780,10
622,MAHSEAMLES,INE271B01025,736.55,20
623,VBL,INE200M01039,460.3,20
624,BALAMINES,INE050E01027,1672.7,20
625,NAVINFLUOR,INE048G01026,4704.1,20
626,SGBJUL29IV,IN0020210111,9776.2,10
627,JMFINANCIL,INE780C01023,154.77,20
628,AZAD,INE02IJ01035,1595.4,20
629,LIQUIDIETF,INF109KC1KT9,1000,5
630,LALPATHLAB,INE600L01024,2767.2,20
631,JKPAPER,INE789E01012,366.2,20
632,EMSLIMITED,INE0OV601013,627.55,20
633,INDIACEM,INE383A01012,334.35,20
634,BLUEDART,INE233B01017,6291.5,20
635,RELIGARE,INE621H01010,223.85,20
636,HITECH,INE106T01025,102.47,20
637,MOM100,INF247L01023,63.24,7.46
638,RALLIS,INE613A01020,319.65,20
639,EMIL,INE02YR01019,147.28,20.08
640,FINEORG,INE686Y01026,4992,20
641,CIPLA,INE059A01026,1510,9.26
642,LXCHEM,INE576O01020,201.9,20
643,LIQUIDPLUS,INF769K01MY5,1038.34,5
644,TEJASNET,INE010J01012,697.45,21.24
645,MANAPPURAM,INE522D01027,272.9,20
646,SAILIFE,INE570L01029,759.15,20
647,LIQUIDADD,INF740KA1UM0,1078.56,5
648,MAFANG,INF769K01HF4,136.27,20
649,TCS,INE467B01029,3444.8,9
650,EIDPARRY,INE126A01031,1055,20
651,LLOYDSME,INE281B01032,1522.2,20
652,HUDCO,INE031A01017,239.61,21.03
653,SGBFEB28IX,IN0020190545,9795,10
654,POWERMECH,INE211R01019,3100.1,20
655,ADANIGREEN,INE364U01010,981.1,22.41
656,NETWEB,INE0NT901020,1837.6,21.23
657,IDFCFIRSTB,INE092T01019,72.1,20
658,AWFIS,INE108V01019,646.45,20
659,BAJAJ-AUTO,INE917I01010,8389.5,10.89
660,WELENT,INE625G01013,513.5,20
661,PRICOLLTD,INE726V01018,444.95,20
662,JKLAKSHMI,INE786A01032,835.35,20
663,CIGNITITEC,INE675C01017,1755.7,20
664,GRAVITA,INE024L01027,1764.3,22.75
665,BHEL,INE257A01026,261.85,20
666,USHAMART,INE228A01035,336.3,20
667,BOSCHLTD,INE323A01026,31755,20
668,BIKAJI,INE00E101023,715.55,20
669,RATEGAIN,INE0CLI01024,443.5,20
670,MAHSCOOTER,INE288A01013,13945,20
671,DABUR,INE016A01026,480.25,20
672,CHENNPETRO,INE178A01016,667.9,20.1
673,EQUITASBNK,INE063P01018,67.77,20
674,JBMA,INE927D01051,637.55,21.21
675,KRBL,INE001B01026,359.3,20
676,SENCO,INE602W01027,346.95,20.35
677,NIFTYBEES,INF204KB14I2,283.41,6
678,CPSEETF,INF457M01133,92.98,20
679,KEI,INE878B01027,3806,20
680,ARKADE,INE0QRL01017,194.39,20
681,JUBLFOOD,INE797F01020,713,20
682,SBILIFE,INE123W01016,1842.7,9.31
683,SOLARINDS,INE343H01029,17000,20
684,PARAGMILK,INE883N01014,227.89,20
685,ZEEL,INE256A01028,146.41,21.29
686,SONATSOFTW,INE269A01021,413.65,20
687,CCL,INE421D01022,846.75,20
688,OFSS,INE881D01027,9177.5,20
689,HEMIPROP,INE0AJG01018,138.02,20
690,CUMMINSIND,INE298A01020,3318.9,20
691,AJAXENGG,INE274Y01021,636.45,20
692,SGBDE31III,IN0020230168,10268.79,10
693,NBCC,INE095N01031,124.9,20.55
694,CAMS,INE596I01012,4224.2,20
695,INDIGOPNTS,INE09VQ01012,1175.1,20
696,SGBOC28VII,IN0020200203,9926.9,10
697,NAZARA,INE418L01021,1318.6,20
698,STYRENIX,INE189B01011,3223.2,20
699,MPHASIS,INE356A01018,2752.6,20
700,JUBLINGREA,INE0BY001018,739.95,20
701,SGBAUG30,IN0020220078,10100.15,10
702,BBTC,INE050A01025,1926,20
703,NIFTYETF,INF769K01EG9,270.39,6
704,BAYERCROP,INE462A01022,5750,20
705,HFCL,INE548A01028,87.15,20.9
706,CRISIL,INE007A01025,5939,20
707,POWERGRID,INE752E01010,290.45,10.93
708,GESHIP,INE017A01032,986,20
709,APOLLOTYRE,INE438A01022,451.05,20
710,CELLO,INE0LMW01024,580.2,20
711,ANANDRATHI,INE463V01026,2069.6,20
712,SGBDEC2512,IN0020170141,9790.33,10
713,EMUDHRA,INE01QM01018,770.2,20
714,SUNTV,INE424H01027,593.55,20
715,SGBFEB32IV,IN0020230184,10665.36,10
716,ITDCEM,INE686A01026,866.5,20
717,KIRIINDUS,INE415I01015,583.25,21.01
718,RHIM,INE743M01012,482.55,20
719,ROUTE,INE450U01017,986.9,20
720,BAJAJHIND,INE306A01021,24.33,20.91
721,AGI,INE415A01038,816.95,20.68
722,BRIGADE,INE791I01019,1158,20
723,GULFOILLUB,INE635Q01029,1217.4,20
724,NH,INE410P01011,2058.7,20
725,SGBMR29XII,IN0020200427,9782.6,10
726,WOCKPHARMA,INE049B01025,1718.9,23.46
727,IKS,INE115Q01022,1597,20
728,GILT5YBEES,INF204KC1030,62.37,10
729,GOLDIETF,INF109KC1NT3,83.78,20
730,ASTRAMICRO,INE386C01029,1059.6,20
731,KIRLOSBROS,INE732A01036,2161,22.55
732,NESTLEIND,INE239A01024,2404.4,9
733,UNIONBANK,INE692A01016,144.3,20
734,PRUDENT,INE00F201020,2710.2,22.66
735,MOTHERSON,INE775A01035,153.36,20
736,NAVA,INE725A01030,593.95,20.77
737,ERIS,INE406M01024,1627.9,20
738,EIHOTEL,INE230A01023,363.45,20
739,TITAGARH,INE615H01020,924.4,21.27
740,CHOLAHLDNG,INE149A01033,2028.4,20
741,DEVYANI,INE872J01023,172.21,20
742,EPIGRAL,INE071N01016,1817.2,20.14
743,SKFINDIA,INE640A01023,4692.3,20
744,SGBJUN31I,IN0020230069,10129.75,10
745,TATAGOLD,INF277KA1976,9.51,20
746,METROBRAND,INE317I01021,1140.4,20
747,TORNTPOWER,INE813H01021,1461.9,20
748,IRCON,INE962Y01021,203.29,23.03
749,POONAWALLA,INE511C01022,438.7,20
750,LEMONTREE,INE970X01018,138.77,20
751,JINDALSTEL,INE749A01030,919.9,20
752,360ONE,INE466L01038,1190,20
753,BLS,INE153T01027,369.25,20
754,COHANCE,INE03QK01018,976.9,20
755,BBL,INE464A01036,3153.1,22.51
756,INDIAMART,INE933S01016,2660.6,20
757,VGUARD,INE951I01027,381.9,20
758,MANYAVAR,INE825V01034,799.85,20
759,DYNAMATECH,INE221B01012,7149,20
760,CESC,INE486A01021,172.4,20
761,SJS,INE284S01014,1283.1,20
762,VENKEYS,INE398A01010,1612.8,20
763,ADANIPOWER,INE814H01011,557,20
764,OLAELEC,INE0LXG01040,43.26,20
765,LUXIND,INE150G01020,1451.6,20
766,GSFC,INE026A01025,203.11,20
767,ALEMBICLTD,INE426A01027,115.12,20
768,COALINDIA,INE522F01014,391.75,10.89
769,SUNTECK,INE805D01034,447.05,20
770,MEDANTA,INE474Q01031,1127.3,20
771,AEGISLOG,INE208C01025,796.1,21.8
772,GLAXO,INE159A01016,3258.8,20
773,VSTIND,INE710A01016,290.85,20
774,ASAHIINDIA,INE439A01020,698.75,20
775,PFC,INE134E01011,412.9,20
776,CRAFTSMAN,INE00LO01017,5465.5,20
777,QUADFUTURE,INE0LRY01011,490.85,23.34
778,LIQUIDSBI,INF200KA13Z8,1000,5
779,SGBFEB29XI,IN0020200393,9935,10
780,KCP,INE805C01028,205.04,20
781,SGBJAN27,IN0020180462,9800,10
782,SAPPHIRE,INE806T01020,328.65,20
783,ICIL,INE483B01026,290.55,22.22
784,SHYAMMETL,INE810G01011,844.35,20
785,INOXWIND,INE066P01011,175.36,22.61
786,CROMPTON,INE299U01018,354.85,20
787,AUTOIETF,INF109KC10V2,24.33,20
788,JPPOWER,INE351F01018,18.04,20
789,HEG,INE545A01024,493.75,20
790,EBBETF0433,INF754K01QX0,1249.07,20
791,SETFNIFBK,INF200KA1580,576.55,20
792,WELCORP,INE191B01025,936.75,20
793,HDFCGOLD,INF179KC1981,83.66,20
794,CAMPUS,INE278Y01022,284.6,20
795,FIRSTCRY,INE02RE01045,339.15,20
796,TECHNOE,INE285K01026,1504.1,21.65
797,JSL,INE220G01021,673.6,20
798,SGBFEB27,IN0020180561,9799,10
799,GREAVESCOT,INE224A01026,203.79,21.52
800,EASEMYTRIP,INE07O001026,10.66,20
801,ELECON,INE205B01031,639.1,20.66
802,MTARTECH,INE864I01014,1613.6,20
803,KPIL,INE220B01022,1230,20
804,AARTIIND,INE769A01020,470.6,20
805,NETWORK18,INE870H01013,61.82,20.6
806,VOLTAMP,INE540H01012,8800,21.65
807,IRCTC,INE335Y01020,767.55,20
808,BANKIETF,INF109KC15I8,57.68,20
809,FACT,INE188A01015,1037.95,23.34
810,NUVAMA,INE531F01015,7504.5,20
811,RKFORGE,INE399G01023,681.4,20
812,SGBJAN29X,IN0020200385,9837.2,10
813,GNFC,INE113A01013,553.65,20
814,ETHOSLTD,INE04TZ01018,2629.7,20
815,KPITTECH,INE04I401011,1295.4,20
816,DCMSHRIRAM,INE499A01024,1200.6,20
817,LTTS,INE010V01017,4360.4,20
818,GRAPHITE,INE371A01025,558.3,20
819,MAXHEALTH,INE027H01010,1239,20
820,GODREJAGRO,INE850D01014,765.3,20
821,JKIL,INE576I01022,737.05,20
822,IDEA,INE669E01016,7.13,24.3
823,SJVN,INE002L01015,100.79,20
824,AIAENG,INE212H01026,3298.6,20
825,ALLCARGO,INE418H01029,35.41,20
826,RITES,INE320J01015,279.2,20.17
827,EPL,INE255A01020,239.69,20
828,MARICO,INE196A01026,704.9,20
829,GRANULES,INE101D01020,493.75,20
830,ICICIBANK,INE090A01021,1425.8,9
831,AXITA,INE02EZ01022,9,20
832,HDFCSML250,INF179KC1FB2,175.66,7.7
833,ZENTEC,INE251B01027,1895,23.6
834,ASIANPAINT,INE021A01026,2279.9,9
835,RIIL,INE046A01015,977.55,20
836,BALMLAWRIE,INE164A01016,212.63,20
837,CASTROLIND,INE172A01027,211.3,20
838,IRB,INE821I01022,49.78,20
839,TAJGVK,INE586B01026,407,21.57