3IINFOLTD,EQ,M,2025120,30.62
507645,EQ,M,2025120,15656.40
516098,EQ,M,2025120,12.84
524488,EQ,M,2025120,4.85
543207,EQ,M,2025120,16.26
DEEPAKNTR,EQ,M,2025120,2363.28
ENIL,EQ,M,2025120,177.92
HITECH,EQ,M,2025120,121.96
KELLTONTEC,EQ,M,2025120,155.12
MANAKSTEEL,EQ,M,2025120,73.24
OSIAHYPER,EQ,M,2025120,17.54
PAGEIND,EQ,M,2025120,58440.00
PCBL,EQ,M,2025120,503.04
SEMAC,EQ,M,2025120,535.20
SRF,EQ,M,2025120,3761.40
SUNDARMHLD,EQ,M,2025120,626.94
TATASTEEL,EQ,M,2025120,192.65
THOMASCOTT,EQ,M,2025120,439.92
VIKASECO,EQ,M,2025120,2.99
VSSL,EQ,M,2025120,324.96
530095,EQ,M,2025120,0.37
531080,EQ,M,2025120,42.34
537750,EQ,M,2025120,280.68
CUMMINSIND,EQ,M,2025120,4037.52
DOLPHIN,EQ,M,2025120,489.12
EMBDL,EQ,M,2025120,148.54
FINOPB,EQ,M,2025120,351.50
HINDPETRO,EQ,M,2025120,504.36
HYUNDAI,EQ,M,2025120,2551.20
IDEA,EQ,M,2025120,8.69
JAIBALAJI,EQ,M,2025120,157.64
JPPOWER,EQ,M,2025120,21.56
MOTILALOFS,EQ,M,2025120,1030.62
OLAELEC,EQ,M,2025120,51.79
PHOENIXLTD,EQ,M,2025120,1952.88
PRECAM,EQ,M,2025120,246.43
SONATSOFTW,EQ,M,2025120,492.72
ZUARIIND,EQ,M,2025120,345.48
504351,EQ,M,2025120,1.90
505690,EQ,M,2025120,2255.76
517170,EQ,M,2025120,54.37
539594,EQ,M,2025120,7.67
ANDHRSUGAR,EQ,M,2025120,100.16
AVTNPL,EQ,M,2025120,77.24
DECCANCE,EQ,M,2025120,1078.50
DHAMPURSUG,EQ,M,2025120,185.93
NAGREEKCAP,EQ,M,2025120,31.16
NAVKARCORP,EQ,M,2025120,133.72
NORTHARC,EQ,M,2025120,289.34
PIXTRANS,EQ,M,2025120,1886.52
SWIGGY,EQ,M,2025120,486.30
TIJARIA,EQ,M,2025120,9.89
TORNTPHARM,EQ,M,2025120,3867.00
512149,EQ,M,2025120,1.08
521238,EQ,M,2025120,213.36
530439,EQ,M,2025120,8.70
ASTEC,EQ,M,2025120,1166.16
BIRLAMONEY,EQ,M,2025120,225.37
CDSL,EQ,M,2025120,2096.16
DIXON,EQ,M,2025120,17178.00
IMAGICAA,EQ,M,2025120,83.20
MAHSEAMLES,EQ,M,2025120,912.72
POWERMECH,EQ,M,2025120,3786.24
PROSTARM,EQ,M,2025120,162.47
PVSL,EQ,M,2025120,156.35
RADAAN,EQ,M,2025120,5.10
TECHM,EQ,M,2025120,2028.24
522195,EQ,M,2025120,5611.62
BEPL,EQ,M,2025120,140.27
BIL,EQ,M,2025120,836.46
EIDPARRY,EQ,M,2025120,1223.16
EXICOM,EQ,M,2025120,235.42
GRSE,EQ,M,2025120,3579.24
IOLCP,EQ,M,2025120,113.96
KRONOX,EQ,M,2025120,224.71
MUTHOOTFIN,EQ,M,2025120,3099.84
POONAWALLA,EQ,M,2025120,539.58
QPOWER,EQ,M,2025120,811.26
SAGILITY,EQ,M,2025120,50.06
SUBROS,EQ,M,2025120,1128.90
UNIVCABLES,EQ,M,2025120,922.38
512441,EQ,M,2025120,0.86
531930,EQ,M,2025120,43.82
AAVAS,EQ,M,2025120,2331.12
AEROENTER,EQ,M,2025120,115.01
AMBER,EQ,M,2025120,8145.00
BAJAJCON,EQ,M,2025120,249.13
BALAMINES,EQ,M,2025120,2088.36
CGCL,EQ,M,2025120,204.90
GMRAIRPORT,EQ,M,2025120,101.84
HUBTOWN,EQ,M,2025120,280.62
IFCI,EQ,M,2025120,75.73
KALYANKJIL,EQ,M,2025120,664.02
KITEX,EQ,M,2025120,341.10
KNRCON,EQ,M,2025120,271.62
LIQUIDBEES,EQ,M,2025120,1199.99
RAMCOCEM,EQ,M,2025120,1260.48
SHREECEM,EQ,M,2025120,36126.00
TARC,EQ,M,2025120,236.24
UPL,EQ,M,2025120,763.80
WENDT,EQ,M,2025120,10197.00
503681,EQ,M,2025120,155439.25
505710,EQ,M,2025120,126.50
523411,EQ,M,2025120,1657.56
538834,EQ,M,2025120,43.42
541735,EQ,M,2025120,3.58
ASTERDM,EQ,M,2025120,715.20
BALPHARMA,EQ,M,2025120,120.05
ETERNAL,EQ,M,2025120,318.22
EXIDEIND,EQ,M,2025120,466.62
HEXT,EQ,M,2025120,1025.52
HFCL,EQ,M,2025120,105.02
INOXWIND,EQ,M,2025120,208.68
JOCIL,EQ,M,2025120,189.88
MANINFRA,EQ,M,2025120,214.56
PDMJEPAPER,EQ,M,2025120,141.28
SADBHAV,EQ,M,2025120,15.50
SCI,EQ,M,2025120,266.72
UNIONBANK,EQ,M,2025120,177.74
524414,EQ,M,2025120,22.61
532402,EQ,M,2025120,16.93
534733,EQ,M,2025120,34.00
ABMINTLLTD,EQ,M,2025120,77.24
AFSL,EQ,M,2025120,298.30
ALOKINDS,EQ,M,2025120,24.44
ANUP,EQ,M,2025120,3138.12
ASHAPURMIN,EQ,M,2025120,512.88
ASKAUTOLTD,EQ,M,2025120,620.04
GLOBALVECT,EQ,M,2025120,313.19
GNFC,EQ,M,2025120,660.06
JIOFIN,EQ,M,2025120,375.00
MSPL,EQ,M,2025120,32.96
NCLIND,EQ,M,2025120,273.29
NKIND,EQ,M,2025120,85.18
PRABHA,EQ,M,2025120,357.55
SINDHUTRAD,EQ,M,2025120,30.59
TINNARUBR,EQ,M,2025120,1133.52
UTKARSHBNK,EQ,M,2025120,28.57
WEBELSOLAR,EQ,M,2025120,1621.44
20MICRONS,EQ,M,2025120,276.43
21STCENMGM,EQ,M,2025120,73.46
360ONE,EQ,M,2025120,1397.82
3MINDIA,EQ,M,2025120,34326.00
3PLAND,EQ,M,2025120,60.77
500009,EQ,M,2025120,43.43
500012,EQ,M,2025120,66.18
500014,EQ,M,2025120,5.77
500016,EQ,M,2025120,11.12
500028,EQ,M,2025120,46.12
500058,EQ,M,2025120,18.73
500068,EQ,M,2025120,16865.28
500069,EQ,M,2025120,457.20
500123,EQ,M,2025120,14752.20
500142,EQ,M,2025120,12.23
500143,EQ,M,2025120,228.72
500147,EQ,M,2025120,4166.10
500159,EQ,M,2025120,160.86
500166,EQ,M,2025120,252.42
500168,EQ,M,2025120,1131.90
500170,EQ,M,2025120,31.50
500192,EQ,M,2025120,2.66
500206,EQ,M,2025120,96.00
500213,EQ,M,2025120,611.58
500220,EQ,M,2025120,243.12
500239,EQ,M,2025120,20.72
500240,EQ,M,2025120,299.28
500245,EQ,M,2025120,700.98
500246,EQ,M,2025120,106.32
500264,EQ,M,2025120,151.56
500267,EQ,M,2025120,370.80
500270,EQ,M,2025120,193.32
500277,EQ,M,2025120,9.24
500285,EQ,M,2025120,49.38
500298,EQ,M,2025120,1201.74
500306,EQ,M,2025120,181.74
500307,EQ,M,2025120,606.72
500319,EQ,M,2025120,135.56
500360,EQ,M,2025120,90.00
500365,EQ,M,2025120,41.98
500370,EQ,M,2025120,57.74
500388,EQ,M,2025120,57.47
500414,EQ,M,2025120,286.14
500421,EQ,M,2025120,20.29
500422,EQ,M,2025120,47.38
500426,EQ,M,2025120,3.32
500450,EQ,M,2025120,600.00
500672,EQ,M,2025120,1213.02
501298,EQ,M,2025120,8148.00
501314,EQ,M,2025120,0.89
501370,EQ,M,2025120,175.20
501391,EQ,M,2025120,1160.40
501421,EQ,M,2025120,4584.60
501430,EQ,M,2025120,2392.80
501477,EQ,M,2025120,409.98
501622,EQ,M,2025120,66.46
501700,EQ,M,2025120,11.96
501833,EQ,M,2025120,29.63
501848,EQ,M,2025120,107.83
502015,EQ,M,2025120,41.44
502133,EQ,M,2025120,82.44
502281,EQ,M,2025120,16.73
502294,EQ,M,2025120,47.82
502445,EQ,M,2025120,70.14
502587,EQ,M,2025120,103.73
502589,EQ,M,2025120,170.22
502865,EQ,M,2025120,521.04
502873,EQ,M,2025120,131.82
502893,EQ,M,2025120,112.34
502933,EQ,M,2025120,187.14
502958,EQ,M,2025120,11000.10
503127,EQ,M,2025120,5976.00
503229,EQ,M,2025120,224.34
503349,EQ,M,2025120,7920.00
503624,EQ,M,2025120,10.97
503641,EQ,M,2025120,12.80
503657,EQ,M,2025120,21.41
503663,EQ,M,2025120,3.84
503675,EQ,M,2025120,1.43
503685,EQ,M,2025120,27.10
503772,EQ,M,2025120,68.04
503776,EQ,M,2025120,53.74
503804,EQ,M,2025120,389.40
503837,EQ,M,2025120,15.55
504000,EQ,M,2025120,131.95
504028,EQ,M,2025120,222.96
504080,EQ,M,2025120,1855.20
504093,EQ,M,2025120,472.02
504132,EQ,M,2025120,1127.82
504180,EQ,M,2025120,78.11
504240,EQ,M,2025120,860.70
504258,EQ,M,2025120,1229.82
504340,EQ,M,2025120,6.44
504356,EQ,M,2025120,11.23
504380,EQ,M,2025120,83.86
504646,EQ,M,2025120,410.34
504648,EQ,M,2025120,80.21
504810,EQ,M,2025120,93.64
504840,EQ,M,2025120,2151.36
504882,EQ,M,2025120,3144.48
504903,EQ,M,2025120,37.55
504908,EQ,M,2025120,490.56
504959,EQ,M,2025120,3050.64
504988,EQ,M,2025120,1437.60
505163,EQ,M,2025120,1402.02
505212,EQ,M,2025120,214.50
505232,EQ,M,2025120,1485.66
505250,EQ,M,2025120,99.64
505302,EQ,M,2025120,3250.44
505358,EQ,M,2025120,271.32
505515,EQ,M,2025120,15.41
505681,EQ,M,2025120,727.32
505693,EQ,M,2025120,10.08
505712,EQ,M,2025120,235.86
505725,EQ,M,2025120,1207.02
505729,EQ,M,2025120,88.37
505737,EQ,M,2025120,996.00
505750,EQ,M,2025120,601.92
505827,EQ,M,2025120,484.74
505840,EQ,M,2025120,41.52
505872,EQ,M,2025120,505.92
505890,EQ,M,2025120,2868.24
505978,EQ,M,2025120,3409.32
506105,EQ,M,2025120,95.08
506134,EQ,M,2025120,22.21
506520,EQ,M,2025120,9.62
506530,EQ,M,2025120,1565.16
506532,EQ,M,2025120,997.08
506543,EQ,M,2025120,14.36
506597,EQ,M,2025120,731.76
506605,EQ,M,2025120,3025.86
506685,EQ,M,2025120,613.98
506687,EQ,M,2025120,1948.68
506734,EQ,M,2025120,149.46
506808,EQ,M,2025120,96.01
506854,EQ,M,2025120,4074.78
506858,EQ,M,2025120,74.41
506906,EQ,M,2025120,4.79
506919,EQ,M,2025120,174.78
506935,EQ,M,2025120,84.58
506979,EQ,M,2025120,79.97
506981,EQ,M,2025120,196.68
507155,EQ,M,2025120,212.10
507180,EQ,M,2025120,89.40
507300,EQ,M,2025120,1272.54
507474,EQ,M,2025120,73.43
507486,EQ,M,2025120,48.34
507498,EQ,M,2025120,64.50
507515,EQ,M,2025120,19.44
507621,EQ,M,2025120,98.92
507690,EQ,M,2025120,291.30
507753,EQ,M,2025120,119.46
507759,EQ,M,2025120,20.83
507813,EQ,M,2025120,147.18
507817,EQ,M,2025120,222.00
507828,EQ,M,2025120,14.36
507833,EQ,M,2025120,7.04
507836,EQ,M,2025120,711.42
507864,EQ,M,2025120,75.00
507872,EQ,M,2025120,66.90
507944,EQ,M,2025120,831.12
507960,EQ,M,2025120,336.54
507966,EQ,M,2025120,51.65
507970,EQ,M,2025120,46.80
507981,EQ,M,2025120,110.77
507998,EQ,M,2025120,154.80
508136,EQ,M,2025120,540.00
508486,EQ,M,2025120,9738.72
508494,EQ,M,2025120,67.60
508571,EQ,M,2025120,213.48
508664,EQ,M,2025120,18.55
508670,EQ,M,2025120,4440.00
508807,EQ,M,2025120,1127.70
508875,EQ,M,2025120,725.94
508918,EQ,M,2025120,60.05
508941,EQ,M,2025120,633.24
508954,EQ,M,2025120,140.82
508956,EQ,M,2025120,17.93
508969,EQ,M,2025120,4.26
508980,EQ,M,2025120,24.16
509024,EQ,M,2025120,10.15
509026,EQ,M,2025120,110.50
509038,EQ,M,2025120,15.80
509040,EQ,M,2025120,212.40
509051,EQ,M,2025120,1.26
509053,EQ,M,2025120,10.63
509073,EQ,M,2025120,20.00
509162,EQ,M,2025120,162.42
509196,EQ,M,2025120,107.94
509438,EQ,M,2025120,11953.20
509470,EQ,M,2025120,29993.58
509472,EQ,M,2025120,527.10
509486,EQ,M,2025120,154.32
509525,EQ,M,2025120,1324.74
509546,EQ,M,2025120,55.54
509597,EQ,M,2025120,857.40
509760,EQ,M,2025120,51.66
509835,EQ,M,2025120,22.76
509895,EQ,M,2025120,225.54
509960,EQ,M,2025120,2328.00
510245,EQ,M,2025120,6.91
511000,EQ,M,2025120,26.41
511018,EQ,M,2025120,118.88
511066,EQ,M,2025120,59.46
511110,EQ,M,2025120,37.79
511122,EQ,M,2025120,138.00
511147,EQ,M,2025120,82.70
511153,EQ,M,2025120,34.80
511176,EQ,M,2025120,145.86
511187,EQ,M,2025120,2.60
511355,EQ,M,2025120,21.07
511359,EQ,M,2025120,89.41
511377,EQ,M,2025120,30.98
511391,EQ,M,2025120,75.90
511411,EQ,M,2025120,40.70
511447,EQ,M,2025120,1.55
511463,EQ,M,2025120,15.08
511507,EQ,M,2025120,43.20
511509,EQ,M,2025120,44.50
511523,EQ,M,2025120,21.94
511525,EQ,M,2025120,3.10
511533,EQ,M,2025120,48.77
511549,EQ,M,2025120,139.08
511571,EQ,M,2025120,101.82
511577,EQ,M,2025120,20.58
511585,EQ,M,2025120,3.77
511593,EQ,M,2025120,22.79
511601,EQ,M,2025120,12.72
511609,EQ,M,2025120,32.04
511626,EQ,M,2025120,37.39
511628,EQ,M,2025120,58.33
511644,EQ,M,2025120,146.34
511664,EQ,M,2025120,8.28
511672,EQ,M,2025120,43.58
511696,EQ,M,2025120,309.06
511702,EQ,M,2025120,196.92
511710,EQ,M,2025120,3.10
511716,EQ,M,2025120,8.46
511740,EQ,M,2025120,224.88
511754,EQ,M,2025120,158.28
511758,EQ,M,2025120,83.47
511764,EQ,M,2025120,38.30
512008,EQ,M,2025120,382.86
512036,EQ,M,2025120,209.40
512048,EQ,M,2025120,5.68
512064,EQ,M,2025120,89.76
512068,EQ,M,2025120,173.88
512097,EQ,M,2025120,0.43
512115,EQ,M,2025120,50.15
512165,EQ,M,2025120,38.45
512175,EQ,M,2025120,8.58
512247,EQ,M,2025120,4.88
512257,EQ,M,2025120,4.97
512329,EQ,M,2025120,444.78
512344,EQ,M,2025120,4.86
512379,EQ,M,2025120,5.59
512425,EQ,M,2025120,790.80
512437,EQ,M,2025120,612.00
512477,EQ,M,2025120,486.54
512489,EQ,M,2025120,28.32
512493,EQ,M,2025120,150.36
512499,EQ,M,2025120,0.59
512527,EQ,M,2025120,1103.70
512589,EQ,M,2025120,176.58
512595,EQ,M,2025120,756.96
512600,EQ,M,2025120,97.18
512618,EQ,M,2025120,14.76
512624,EQ,M,2025120,6.66
512634,EQ,M,2025120,181.14
513005,EQ,M,2025120,45.90
513043,EQ,M,2025120,108.61
513059,EQ,M,2025120,42.00
513063,EQ,M,2025120,38.40
513117,EQ,M,2025120,10.85
513149,EQ,M,2025120,852.00
513173,EQ,M,2025120,31.85
513252,EQ,M,2025120,779.40
513303,EQ,M,2025120,19.20
513337,EQ,M,2025120,1.48
513353,EQ,M,2025120,382.74
513361,EQ,M,2025120,6.85
513369,EQ,M,2025120,118.80
513418,EQ,M,2025120,6.60
513422,EQ,M,2025120,43.55
513488,EQ,M,2025120,37.80
513496,EQ,M,2025120,170.16
513502,EQ,M,2025120,10.36
513513,EQ,M,2025120,11.40
513528,EQ,M,2025120,8.02
513532,EQ,M,2025120,337.92
513544,EQ,M,2025120,19.21
513548,EQ,M,2025120,379.20
513566,EQ,M,2025120,16.45
513575,EQ,M,2025120,45.02
513629,EQ,M,2025120,48.85
513699,EQ,M,2025120,41.40
513709,EQ,M,2025120,300.12
513713,EQ,M,2025120,6.10
513721,EQ,M,2025120,18.96
514010,EQ,M,2025120,58.44
514028,EQ,M,2025120,50.03
514030,EQ,M,2025120,173.94
514060,EQ,M,2025120,13.63
514087,EQ,M,2025120,87.49
514113,EQ,M,2025120,35.00
514128,EQ,M,2025120,33.43
514138,EQ,M,2025120,412.80
514140,EQ,M,2025120,29.86
514165,EQ,M,2025120,9.88
514171,EQ,M,2025120,54.61
514183,EQ,M,2025120,123.66
514197,EQ,M,2025120,7.57
514223,EQ,M,2025120,6.24
514238,EQ,M,2025120,2005.74
514240,EQ,M,2025120,11.11
514264,EQ,M,2025120,23.86
514266,EQ,M,2025120,86.17
514272,EQ,M,2025120,158.82
514280,EQ,M,2025120,169.20
514302,EQ,M,2025120,215.94
514312,EQ,M,2025120,66.42
514316,EQ,M,2025120,151.20
514324,EQ,M,2025120,406.20
514326,EQ,M,2025120,13.30
514332,EQ,M,2025120,35.69
514386,EQ,M,2025120,12.60
514402,EQ,M,2025120,21.47
514428,EQ,M,2025120,412.92
514442,EQ,M,2025120,31.32
514446,EQ,M,2025120,42.54
514448,EQ,M,2025120,1640.52
514470,EQ,M,2025120,112.63
515008,EQ,M,2025120,126.00
515043,EQ,M,2025120,134.46
515059,EQ,M,2025120,45.67
515085,EQ,M,2025120,8.69
515127,EQ,M,2025120,2.81
515147,EQ,M,2025120,136.02
516003,EQ,M,2025120,290.70
516032,EQ,M,2025120,18.08
516078,EQ,M,2025120,84.40
516096,EQ,M,2025120,221.22
516106,EQ,M,2025120,10.72
516108,EQ,M,2025120,103.10
516110,EQ,M,2025120,5.23
517035,EQ,M,2025120,3336.66
517044,EQ,M,2025120,33.23
517119,EQ,M,2025120,32.42
517166,EQ,M,2025120,155.28
517201,EQ,M,2025120,93.92
517238,EQ,M,2025120,315.00
517246,EQ,M,2025120,137.70
517288,EQ,M,2025120,110.04
517356,EQ,M,2025120,2.26
517370,EQ,M,2025120,102.96
517372,EQ,M,2025120,565.62
517397,EQ,M,2025120,63.28
517415,EQ,M,2025120,12.00
517417,EQ,M,2025120,583.26
517429,EQ,M,2025120,108.77
517437,EQ,M,2025120,155.82
517449,EQ,M,2025120,1376.28
517467,EQ,M,2025120,245.58
517477,EQ,M,2025120,407.16
517494,EQ,M,2025120,19.90
517514,EQ,M,2025120,268.74
517546,EQ,M,2025120,82.04
518011,EQ,M,2025120,93.58
519064,EQ,M,2025120,91.26
519174,EQ,M,2025120,11.65
519191,EQ,M,2025120,6.61
519216,EQ,M,2025120,48.26
519234,EQ,M,2025120,59.30
519238,EQ,M,2025120,39.90
519262,EQ,M,2025120,27.48
519287,EQ,M,2025120,67.38
519295,EQ,M,2025120,340.86
519331,EQ,M,2025120,68.96
519359,EQ,M,2025120,87.41
519421,EQ,M,2025120,2603.34
519455,EQ,M,2025120,65.46
519457,EQ,M,2025120,57.76
519463,EQ,M,2025120,237.60
519471,EQ,M,2025120,316.80
519475,EQ,M,2025120,96.96
519483,EQ,M,2025120,44.35
519500,EQ,M,2025120,15.04
519532,EQ,M,2025120,15.06
519566,EQ,M,2025120,203.70
519574,EQ,M,2025120,82.80
519604,EQ,M,2025120,21.96
520075,EQ,M,2025120,159.18
520121,EQ,M,2025120,8.12
520123,EQ,M,2025120,103.56
520127,EQ,M,2025120,23.34
520141,EQ,M,2025120,12.90
521048,EQ,M,2025120,32.34
521062,EQ,M,2025120,5.10
521080,EQ,M,2025120,9.56
521097,EQ,M,2025120,223.32
521105,EQ,M,2025120,47.72
521131,EQ,M,2025120,30.86
521141,EQ,M,2025120,24.74
521161,EQ,M,2025120,52.91
521178,EQ,M,2025120,60.98
521206,EQ,M,2025120,3.30
521210,EQ,M,2025120,22.20
521216,EQ,M,2025120,109.45
521226,EQ,M,2025120,26.99
521228,EQ,M,2025120,3.60
521234,EQ,M,2025120,39.00
521240,EQ,M,2025120,168.12
521244,EQ,M,2025120,133.20
522001,EQ,M,2025120,103.80
522004,EQ,M,2025120,156.36
522005,EQ,M,2025120,177.84
522017,EQ,M,2025120,1382.52
522036,EQ,M,2025120,86.17
522091,EQ,M,2025120,156.60
522101,EQ,M,2025120,537.30
522105,EQ,M,2025120,54.18
522122,EQ,M,2025120,2253.78
522134,EQ,M,2025120,210.72
522152,EQ,M,2025120,176.22
522165,EQ,M,2025120,64.92
522183,EQ,M,2025120,439.86
522207,EQ,M,2025120,92.04
522231,EQ,M,2025120,128.60
522235,EQ,M,2025120,5.10
522237,EQ,M,2025120,37.08
522251,EQ,M,2025120,486.90
522267,EQ,M,2025120,63.60
522273,EQ,M,2025120,299.10
522289,EQ,M,2025120,59.35
522292,EQ,M,2025120,99.60
522294,EQ,M,2025120,190.86
523007,EQ,M,2025120,146.46
523021,EQ,M,2025120,70.80
523100,EQ,M,2025120,387.96
523105,EQ,M,2025120,22.75
523144,EQ,M,2025120,50.46
523151,EQ,M,2025120,8.83
523160,EQ,M,2025120,1796.34
523186,EQ,M,2025120,308.40
523232,EQ,M,2025120,142.74
523248,EQ,M,2025120,309.54
523309,EQ,M,2025120,116.88
523323,EQ,M,2025120,6990.24
523465,EQ,M,2025120,48.95
523475,EQ,M,2025120,1740.00
523483,EQ,M,2025120,263.40
523489,EQ,M,2025120,39.72
523537,EQ,M,2025120,43.79
523550,EQ,M,2025120,54.22
523558,EQ,M,2025120,33.56
523566,EQ,M,2025120,75.59
523586,EQ,M,2025120,309.90
523594,EQ,M,2025120,26.68
523606,EQ,M,2025120,1712.76
523620,EQ,M,2025120,40.73
523638,EQ,M,2025120,173.76
523650,EQ,M,2025120,44.76
523660,EQ,M,2025120,63.55
523672,EQ,M,2025120,65.95
523676,EQ,M,2025120,220.50
523696,EQ,M,2025120,86.89
523782,EQ,M,2025120,18.23
523826,EQ,M,2025120,44.66
523832,EQ,M,2025120,18.80
523840,EQ,M,2025120,29.52
523842,EQ,M,2025120,10.63
523850,EQ,M,2025120,561.48
523862,EQ,M,2025120,25.56
523896,EQ,M,2025120,23.17
524013,EQ,M,2025120,16.37
524038,EQ,M,2025120,6.60
524055,EQ,M,2025120,76.98
524080,EQ,M,2025120,86.39
524136,EQ,M,2025120,584.04
524156,EQ,M,2025120,49.50
524174,EQ,M,2025120,31.18
524202,EQ,M,2025120,119.51
524288,EQ,M,2025120,102.60
524314,EQ,M,2025120,61.38
524322,EQ,M,2025120,16.96
524336,EQ,M,2025120,160.98
524400,EQ,M,2025120,100.80
524408,EQ,M,2025120,196.92
524434,EQ,M,2025120,10.93
524440,EQ,M,2025120,53.40
524444,EQ,M,2025120,2.96
524480,EQ,M,2025120,694.62
524506,EQ,M,2025120,712.26
524520,EQ,M,2025120,79.74
524522,EQ,M,2025120,37.57
524564,EQ,M,2025120,9.35
524572,EQ,M,2025120,70.74
524576,EQ,M,2025120,21.11
524582,EQ,M,2025120,200.58
524590,EQ,M,2025120,12.97
524592,EQ,M,2025120,25.99
524594,EQ,M,2025120,228.00
524602,EQ,M,2025120,48.37
524614,EQ,M,2025120,5.58
524622,EQ,M,2025120,7.15
524624,EQ,M,2025120,26.40
524628,EQ,M,2025120,20.41
524634,EQ,M,2025120,480.30
524640,EQ,M,2025120,50.92
524663,EQ,M,2025120,28.73
524675,EQ,M,2025120,26.84
524687,EQ,M,2025120,18.72
524703,EQ,M,2025120,60.25
524711,EQ,M,2025120,12.83
524717,EQ,M,2025120,482.76
524727,EQ,M,2025120,25.43
524731,EQ,M,2025120,1581.18
524743,EQ,M,2025120,1016.94
524748,EQ,M,2025120,46.74
524752,EQ,M,2025120,13.36
524768,EQ,M,2025120,40.31
524808,EQ,M,2025120,32.34
524828,EQ,M,2025120,325.20
526001,EQ,M,2025120,9.07
526025,EQ,M,2025120,19.84
526043,EQ,M,2025120,70.18
526073,EQ,M,2025120,1087.56
526081,EQ,M,2025120,18.68
526095,EQ,M,2025120,45.73
526113,EQ,M,2025120,19.21
526117,EQ,M,2025120,550.80
526125,EQ,M,2025120,267.78
526137,EQ,M,2025120,154.92
526143,EQ,M,2025120,11.93
526159,EQ,M,2025120,117.97
526161,EQ,M,2025120,142.80
526169,EQ,M,2025120,337.02
526173,EQ,M,2025120,37.88
526179,EQ,M,2025120,412.32
526193,EQ,M,2025120,31.58
526211,EQ,M,2025120,84.30
526231,EQ,M,2025120,59.84
526237,EQ,M,2025120,129.84
526241,EQ,M,2025120,18.88
526269,EQ,M,2025120,202.44
526301,EQ,M,2025120,47.64
526315,EQ,M,2025120,79.50
526335,EQ,M,2025120,11.66
526345,EQ,M,2025120,22.97
526355,EQ,M,2025120,90.78
526365,EQ,M,2025120,36.84
526407,EQ,M,2025120,31.67
526409,EQ,M,2025120,14.30
526415,EQ,M,2025120,14.26
526433,EQ,M,2025120,3198.24
526435,EQ,M,2025120,135.72
526439,EQ,M,2025120,11.32
526441,EQ,M,2025120,1.39
526445,EQ,M,2025120,16.48
526468,EQ,M,2025120,24.85
526471,EQ,M,2025120,40.30
526473,EQ,M,2025120,5.99
526479,EQ,M,2025120,114.04
526481,EQ,M,2025120,50.41
526492,EQ,M,2025120,157.08
526494,EQ,M,2025120,12.68
526500,EQ,M,2025120,56.24
526506,EQ,M,2025120,124.62
526508,EQ,M,2025120,22.51
526519,EQ,M,2025120,157.20
526525,EQ,M,2025120,22.34
526530,EQ,M,2025120,94.56
526532,EQ,M,2025120,11.68
526574,EQ,M,2025120,32.27
526586,EQ,M,2025120,613.32
526588,EQ,M,2025120,19.56
526604,EQ,M,2025120,27.24
526616,EQ,M,2025120,76.34
526622,EQ,M,2025120,0.71
526640,EQ,M,2025120,60.53
526654,EQ,M,2025120,208.98
526703,EQ,M,2025120,658.20
526705,EQ,M,2025120,298.14
526711,EQ,M,2025120,30.60
526721,EQ,M,2025120,140.40
526723,EQ,M,2025120,231.12
526727,EQ,M,2025120,35.17
526731,EQ,M,2025120,384.18
526739,EQ,M,2025120,439.32
526747,EQ,M,2025120,321.18
526755,EQ,M,2025120,6.37
526761,EQ,M,2025120,32.12
526783,EQ,M,2025120,5179.68
526813,EQ,M,2025120,15.38
526827,EQ,M,2025120,56.42
526839,EQ,M,2025120,19.20
526841,EQ,M,2025120,32.87
526847,EQ,M,2025120,38.46
526851,EQ,M,2025120,181.32
526853,EQ,M,2025120,91.02
526861,EQ,M,2025120,173.82
526871,EQ,M,2025120,18.94
526873,EQ,M,2025120,50.44
526891,EQ,M,2025120,15.32
526901,EQ,M,2025120,66.01
526931,EQ,M,2025120,151.14
526945,EQ,M,2025120,122.82
526961,EQ,M,2025120,24.59
526965,EQ,M,2025120,197.64
526971,EQ,M,2025120,293.22
527005,EQ,M,2025120,88.81
530025,EQ,M,2025120,36.00
530027,EQ,M,2025120,6.00
530043,EQ,M,2025120,325.56
530045,EQ,M,2025120,39.47
530053,EQ,M,2025120,7.34
530065,EQ,M,2025120,24.30
530077,EQ,M,2025120,153.18
530111,EQ,M,2025120,33.60
530119,EQ,M,2025120,47.24
530125,EQ,M,2025120,413.82
530127,EQ,M,2025120,29.54
530129,EQ,M,2025120,1858.44
530133,EQ,M,2025120,114.68
530139,EQ,M,2025120,28.09
530145,EQ,M,2025120,48.59
530163,EQ,M,2025120,645.12
530167,EQ,M,2025120,23.63
530169,EQ,M,2025120,37.06
530171,EQ,M,2025120,45.90
530175,EQ,M,2025120,115.38
530185,EQ,M,2025120,8.06
530197,EQ,M,2025120,219.18
530201,EQ,M,2025120,5.14
530207,EQ,M,2025120,19.39
530213,EQ,M,2025120,71.87
530215,EQ,M,2025120,156.00
530233,EQ,M,2025120,321.72
530235,EQ,M,2025120,110.52
530245,EQ,M,2025120,831.60
530249,EQ,M,2025120,11.18
530251,EQ,M,2025120,1.09
530259,EQ,M,2025120,44.04
530263,EQ,M,2025120,0.84
530265,EQ,M,2025120,50.42
530271,EQ,M,2025120,12.84
530281,EQ,M,2025120,33.97
530289,EQ,M,2025120,57.35
530305,EQ,M,2025120,687.18
530309,EQ,M,2025120,25.08
530313,EQ,M,2025120,61.20
530315,EQ,M,2025120,200.04
530317,EQ,M,2025120,112.04
530331,EQ,M,2025120,530.34
530341,EQ,M,2025120,155.94
530357,EQ,M,2025120,7.03
530361,EQ,M,2025120,133.80
530401,EQ,M,2025120,83.84
530405,EQ,M,2025120,49.80
530419,EQ,M,2025120,74.65
530429,EQ,M,2025120,45.48
530433,EQ,M,2025120,47.40
530443,EQ,M,2025120,10.61
530445,EQ,M,2025120,2.57
530449,EQ,M,2025120,78.54
530457,EQ,M,2025120,95.23
530461,EQ,M,2025120,20.74
530477,EQ,M,2025120,189.60
530499,EQ,M,2025120,1281.48
530521,EQ,M,2025120,601.38
530525,EQ,M,2025120,8.90
530545,EQ,M,2025120,302.04
530557,EQ,M,2025120,0.82
530577,EQ,M,2025120,66.20
530581,EQ,M,2025120,8.46
530585,EQ,M,2025120,145.74
530589,EQ,M,2025120,182.16
530595,EQ,M,2025120,11.68
530615,EQ,M,2025120,203.94
530643,EQ,M,2025120,712.50
530663,EQ,M,2025120,1.50
530665,EQ,M,2025120,5.28
530675,EQ,M,2025120,66.71
530689,EQ,M,2025120,40.84
530695,EQ,M,2025120,44.26
530697,EQ,M,2025120,40.74
530711,EQ,M,2025120,81.62
530723,EQ,M,2025120,128.52
530733,EQ,M,2025120,13.61
530735,EQ,M,2025120,35.28
530747,EQ,M,2025120,32.71
530755,EQ,M,2025120,12.36
530765,EQ,M,2025120,27.24
530797,EQ,M,2025120,29.16
530799,EQ,M,2025120,40.69
530809,EQ,M,2025120,63.52
530821,EQ,M,2025120,23.35
530825,EQ,M,2025120,190.86
530829,EQ,M,2025120,54.52
530839,EQ,M,2025120,6.90
530845,EQ,M,2025120,917.34
530853,EQ,M,2025120,89.50
530883,EQ,M,2025120,16.85
530897,EQ,M,2025120,186.18
530899,EQ,M,2025120,89.94
530907,EQ,M,2025120,47.99
530909,EQ,M,2025120,147.54
530925,EQ,M,2025120,108.00
530931,EQ,M,2025120,15.53
530953,EQ,M,2025120,114.74
530959,EQ,M,2025120,34.82
530973,EQ,M,2025120,104.40
530977,EQ,M,2025120,171.72
530979,EQ,M,2025120,41.62
530991,EQ,M,2025120,68.99
530997,EQ,M,2025120,156.06
531003,EQ,M,2025120,82.80
531017,EQ,M,2025120,32.05
531025,EQ,M,2025120,0.64
531027,EQ,M,2025120,27.72
531041,EQ,M,2025120,481.56
531043,EQ,M,2025120,27.30
531067,EQ,M,2025120,34.92
531069,EQ,M,2025120,1052.40
531083,EQ,M,2025120,6.78
531091,EQ,M,2025120,39.36
531127,EQ,M,2025120,8.50
531129,EQ,M,2025120,23.88
531137,EQ,M,2025120,2.70
531144,EQ,M,2025120,26.33
531156,EQ,M,2025120,10.64
531158,EQ,M,2025120,27.70
531161,EQ,M,2025120,196.68
531163,EQ,M,2025120,89.95
531168,EQ,M,2025120,249.72
531173,EQ,M,2025120,55.57
531176,EQ,M,2025120,16.68
531178,EQ,M,2025120,28.80
531199,EQ,M,2025120,213.84
531201,EQ,M,2025120,6365.10
531212,EQ,M,2025120,67.26
531215,EQ,M,2025120,199.68
531216,EQ,M,2025120,11.00
531221,EQ,M,2025120,19.34
531223,EQ,M,2025120,67.33
531227,EQ,M,2025120,93.13
531234,EQ,M,2025120,126.60
531235,EQ,M,2025120,25.02
531253,EQ,M,2025120,432.12
531254,EQ,M,2025120,23.56
531257,EQ,M,2025120,27.48
531259,EQ,M,2025120,15.00
531262,EQ,M,2025120,34.68
531268,EQ,M,2025120,36.35
531279,EQ,M,2025120,169.08
531280,EQ,M,2025120,23.52
531283,EQ,M,2025120,17.10
531287,EQ,M,2025120,341.58
531288,EQ,M,2025120,21.60
531297,EQ,M,2025120,86.58
531304,EQ,M,2025120,33.46
531306,EQ,M,2025120,799.44
531307,EQ,M,2025120,21.46
531310,EQ,M,2025120,241.44
531314,EQ,M,2025120,17.72
531324,EQ,M,2025120,34.92
531338,EQ,M,2025120,34.33
531341,EQ,M,2025120,15.37
531346,EQ,M,2025120,39.60
531352,EQ,M,2025120,26.10
531357,EQ,M,2025120,69.84
531360,EQ,M,2025120,28.07
531387,EQ,M,2025120,8.47
531390,EQ,M,2025120,119.90
531396,EQ,M,2025120,9.72
531397,EQ,M,2025120,32.70
531398,EQ,M,2025120,196.08
531399,EQ,M,2025120,253.92
531402,EQ,M,2025120,23.44
531411,EQ,M,2025120,1.68
531416,EQ,M,2025120,48.00
531436,EQ,M,2025120,15.19
531437,EQ,M,2025120,35.83
531454,EQ,M,2025120,33.36
531456,EQ,M,2025120,2.28
531460,EQ,M,2025120,10.38
531465,EQ,M,2025120,0.59
531471,EQ,M,2025120,22.30
531489,EQ,M,2025120,315.24
531502,EQ,M,2025120,14.65
531503,EQ,M,2025120,42.30
531509,EQ,M,2025120,39.96
531512,EQ,M,2025120,24.68
531525,EQ,M,2025120,305.16
531539,EQ,M,2025120,64.99
531540,EQ,M,2025120,19.08
531552,EQ,M,2025120,22.30
531553,EQ,M,2025120,25.92
531568,EQ,M,2025120,7.45
531569,EQ,M,2025120,261.12
531578,EQ,M,2025120,11.72
531582,EQ,M,2025120,34.39
531585,EQ,M,2025120,10.78
531591,EQ,M,2025120,22.37
531592,EQ,M,2025120,2.48
531594,EQ,M,2025120,14.12
531608,EQ,M,2025120,87.54
531609,EQ,M,2025120,314.64
531626,EQ,M,2025120,5.23
531637,EQ,M,2025120,610.08
531644,EQ,M,2025120,34.14
531651,EQ,M,2025120,72.62
531652,EQ,M,2025120,153.60
531658,EQ,M,2025120,29.45
531661,EQ,M,2025120,16.98
531667,EQ,M,2025120,45.13
531672,EQ,M,2025120,36.85
531681,EQ,M,2025120,1.03
531688,EQ,M,2025120,210.00
531692,EQ,M,2025120,4.72
531726,EQ,M,2025120,168.06
531727,EQ,M,2025120,71.98
531737,EQ,M,2025120,0.82
531739,EQ,M,2025120,14.93
531744,EQ,M,2025120,102.72
531752,EQ,M,2025120,1.13
531758,EQ,M,2025120,22.68
531762,EQ,M,2025120,27.34
531779,EQ,M,2025120,22.25
531780,EQ,M,2025120,9.79
531784,EQ,M,2025120,1.74
531802,EQ,M,2025120,29.71
531810,EQ,M,2025120,83.52
531812,EQ,M,2025120,0.92
531813,EQ,M,2025120,112.02
531814,EQ,M,2025120,18.72
531821,EQ,M,2025120,73.73
531834,EQ,M,2025120,10.26
531842,EQ,M,2025120,55.21
531846,EQ,M,2025120,13.04
531847,EQ,M,2025120,888.00
531861,EQ,M,2025120,64.19
531867,EQ,M,2025120,5.72
531869,EQ,M,2025120,5.50
531870,EQ,M,2025120,30.00
531878,EQ,M,2025120,13.99
531888,EQ,M,2025120,120.54
531889,EQ,M,2025120,27.31
531893,EQ,M,2025120,0.58
531900,EQ,M,2025120,37.20
531902,EQ,M,2025120,23.29
531909,EQ,M,2025120,3.17
531910,EQ,M,2025120,235.32
531911,EQ,M,2025120,60.00
531913,EQ,M,2025120,8.39
531923,EQ,M,2025120,111.76
531925,EQ,M,2025120,2.10
531929,EQ,M,2025120,6.00
531944,EQ,M,2025120,19.38
531950,EQ,M,2025120,5.38
531952,EQ,M,2025120,92.58
531962,EQ,M,2025120,46.13
531968,EQ,M,2025120,81.54
531977,EQ,M,2025120,10.22
531979,EQ,M,2025120,82.56
531982,EQ,M,2025120,30.72
531991,EQ,M,2025120,1.25
531994,EQ,M,2025120,118.38
532005,EQ,M,2025120,76.80
532007,EQ,M,2025120,28.03
532011,EQ,M,2025120,108.77
532039,EQ,M,2025120,73.44
532041,EQ,M,2025120,10.82
532042,EQ,M,2025120,52.19
532053,EQ,M,2025120,127.20
532056,EQ,M,2025120,68.15
532057,EQ,M,2025120,150.36
532067,EQ,M,2025120,1682.04
532092,EQ,M,2025120,4.10
532100,EQ,M,2025120,12.30
532113,EQ,M,2025120,12.26
532123,EQ,M,2025120,9.53
532140,EQ,M,2025120,3.31
532145,EQ,M,2025120,17.40
532154,EQ,M,2025120,1.03
532160,EQ,M,2025120,20.09
532230,EQ,M,2025120,176.40
532275,EQ,M,2025120,2.18
532284,EQ,M,2025120,54.89
532303,EQ,M,2025120,4.82
532304,EQ,M,2025120,93.46
532315,EQ,M,2025120,8.32
532320,EQ,M,2025120,16.31
532323,EQ,M,2025120,41.84
532333,EQ,M,2025120,120.04
532334,EQ,M,2025120,110.40
532340,EQ,M,2025120,3.30
532344,EQ,M,2025120,266.46
532354,EQ,M,2025120,5.96
532355,EQ,M,2025120,9.32
532359,EQ,M,2025120,1.55
532362,EQ,M,2025120,146.88
532373,EQ,M,2025120,36.84
532378,EQ,M,2025120,5.99
532379,EQ,M,2025120,8.27
532380,EQ,M,2025120,10.81
532384,EQ,M,2025120,166.44
532404,EQ,M,2025120,53.65
532410,EQ,M,2025120,30.62
532425,EQ,M,2025120,33.14
532435,EQ,M,2025120,13.00
532455,EQ,M,2025120,26.12
532467,EQ,M,2025120,45.90
532468,EQ,M,2025120,3536.04
532485,EQ,M,2025120,97.50
532503,EQ,M,2025120,1139.28
532645,EQ,M,2025120,4.08
532656,EQ,M,2025120,4.26
532676,EQ,M,2025120,13.69
532723,EQ,M,2025120,58.28
532742,EQ,M,2025120,5332.62
532744,EQ,M,2025120,10.66
532806,EQ,M,2025120,47.54
532825,EQ,M,2025120,9.76
532829,EQ,M,2025120,303.78
532855,EQ,M,2025120,255.66
532879,EQ,M,2025120,326.40
532911,EQ,M,2025120,15.89
532918,EQ,M,2025120,41.26
532933,EQ,M,2025120,63.18
532985,EQ,M,2025120,108.12
532992,EQ,M,2025120,39.13
533014,EQ,M,2025120,85.20
533019,EQ,M,2025120,2171.16
533056,EQ,M,2025120,50.09
533095,EQ,M,2025120,9668.94
533101,EQ,M,2025120,179.10
533108,EQ,M,2025120,53.27
533110,EQ,M,2025120,18.08
533149,EQ,M,2025120,13.64
533170,EQ,M,2025120,204.18
533202,EQ,M,2025120,5.09
533212,EQ,M,2025120,91.32
533315,EQ,M,2025120,85.73
533407,EQ,M,2025120,89.94
533477,EQ,M,2025120,656.22
533602,EQ,M,2025120,1.55
533896,EQ,M,2025120,25.31
534060,EQ,M,2025120,2.69
534063,EQ,M,2025120,66.90
534190,EQ,M,2025120,3.71
534338,EQ,M,2025120,19.67
534422,EQ,M,2025120,5.87
534612,EQ,M,2025120,31.76
534639,EQ,M,2025120,39.53
534691,EQ,M,2025120,30.25
534732,EQ,M,2025120,9.35
534741,EQ,M,2025120,0.64
535204,EQ,M,2025120,4.07
535267,EQ,M,2025120,10.48
535276,EQ,M,2025120,1102.90
535387,EQ,M,2025120,48.96
535431,EQ,M,2025120,1.08
535514,EQ,M,2025120,8.09
535566,EQ,M,2025120,162.78
535657,EQ,M,2025120,12.00
535667,EQ,M,2025120,175.80
535730,EQ,M,2025120,0.70
535916,EQ,M,2025120,77.44
536073,EQ,M,2025120,8.74
536264,EQ,M,2025120,69.22
536493,EQ,M,2025120,480.06
536565,EQ,M,2025120,40.72
536672,EQ,M,2025120,7.57
536709,EQ,M,2025120,16.55
536974,EQ,M,2025120,86.23
537069,EQ,M,2025120,29.51
537253,EQ,M,2025120,94.81
537536,EQ,M,2025120,124.08
537766,EQ,M,2025120,2.35
537839,EQ,M,2025120,261.12
537840,EQ,M,2025120,74.77
537985,EQ,M,2025120,38.18
538081,EQ,M,2025120,6.18
538092,EQ,M,2025120,149.52
538119,EQ,M,2025120,106.34
538273,EQ,M,2025120,46.66
538382,EQ,M,2025120,185.88
538395,EQ,M,2025120,108.30
538401,EQ,M,2025120,171.84
538422,EQ,M,2025120,0.59
538446,EQ,M,2025120,223.98
538464,EQ,M,2025120,6.16
538465,EQ,M,2025120,15.60
538476,EQ,M,2025120,22.38
538521,EQ,M,2025120,82.72
538539,EQ,M,2025120,16.38
538540,EQ,M,2025120,3.52
538546,EQ,M,2025120,132.00
538556,EQ,M,2025120,73.42
538564,EQ,M,2025120,388.32
538565,EQ,M,2025120,150.60
538569,EQ,M,2025120,2.09
538596,EQ,M,2025120,7.15
538597,EQ,M,2025120,12.32
538598,EQ,M,2025120,42.60
538607,EQ,M,2025120,1.54
538609,EQ,M,2025120,62.80
538610,EQ,M,2025120,29.62
538634,EQ,M,2025120,246.30
538646,EQ,M,2025120,61.20
538647,EQ,M,2025120,46.12
538668,EQ,M,2025120,1344.48
538683,EQ,M,2025120,1138.08
538706,EQ,M,2025120,12.53
538707,EQ,M,2025120,51.14
538708,EQ,M,2025120,11.22
538713,EQ,M,2025120,161.10
538714,EQ,M,2025120,45.58
538715,EQ,M,2025120,462.12
538732,EQ,M,2025120,56.44
538734,EQ,M,2025120,1597.86
538770,EQ,M,2025120,22.64
538772,EQ,M,2025120,75.79
538787,EQ,M,2025120,12.85
538788,EQ,M,2025120,14.02
538795,EQ,M,2025120,229.62
538817,EQ,M,2025120,17.96
538833,EQ,M,2025120,16.39
538837,EQ,M,2025120,46.19
538838,EQ,M,2025120,37.20
538857,EQ,M,2025120,7.44
538860,EQ,M,2025120,1.07
538874,EQ,M,2025120,20.83
538890,EQ,M,2025120,75.92
538895,EQ,M,2025120,24.90
538896,EQ,M,2025120,519.42
538918,EQ,M,2025120,13.76
538919,EQ,M,2025120,26.40
538923,EQ,M,2025120,107.58
538928,EQ,M,2025120,2.52
538935,EQ,M,2025120,84.78
538942,EQ,M,2025120,28.56
538943,EQ,M,2025120,121.32
538952,EQ,M,2025120,1.76
538964,EQ,M,2025120,1033.02
538965,EQ,M,2025120,37.45
538975,EQ,M,2025120,0.37
538987,EQ,M,2025120,699.84
538992,EQ,M,2025120,1845.60
539011,EQ,M,2025120,145.02
539012,EQ,M,2025120,138.96
539013,EQ,M,2025120,143.40
539016,EQ,M,2025120,9.47
539017,EQ,M,2025120,43.03
539018,EQ,M,2025120,622.56
539031,EQ,M,2025120,350.94
539040,EQ,M,2025120,12.68
539090,EQ,M,2025120,47.51
539091,EQ,M,2025120,1.44
539096,EQ,M,2025120,19.56
539097,EQ,M,2025120,7.40
539112,EQ,M,2025120,183.60
539113,EQ,M,2025120,918.90
539115,EQ,M,2025120,124.64
539117,EQ,M,2025120,78.20
539120,EQ,M,2025120,60.23
539121,EQ,M,2025120,235.20
539123,EQ,M,2025120,10.52
539124,EQ,M,2025120,29.44
539143,EQ,M,2025120,8.96
539149,EQ,M,2025120,4.67
539151,EQ,M,2025120,30.67
539176,EQ,M,2025120,167.70
539189,EQ,M,2025120,25.19
539190,EQ,M,2025120,52.74
539196,EQ,M,2025120,191.34
539199,EQ,M,2025120,498.96
539206,EQ,M,2025120,61.37
539217,EQ,M,2025120,0.56
539219,EQ,M,2025120,16.58
539220,EQ,M,2025120,32.54
539226,EQ,M,2025120,45.18
539228,EQ,M,2025120,3.72
539246,EQ,M,2025120,115.74
539255,EQ,M,2025120,894.48
539275,EQ,M,2025120,210.36
539277,EQ,M,2025120,0.71
539278,EQ,M,2025120,3.49
539291,EQ,M,2025120,7.38
539310,EQ,M,2025120,0.38
539353,EQ,M,2025120,323.88
539354,EQ,M,2025120,42.54
539398,EQ,M,2025120,102.01
539399,EQ,M,2025120,556.50
539402,EQ,M,2025120,7.78
539405,EQ,M,2025120,13.44
539409,EQ,M,2025120,23.94
539428,EQ,M,2025120,22.72
539455,EQ,M,2025120,54.02
539469,EQ,M,2025120,216.30
539470,EQ,M,2025120,1.03
539492,EQ,M,2025120,13.24
539494,EQ,M,2025120,16.27
539495,EQ,M,2025120,55.18
539506,EQ,M,2025120,0.84
539515,EQ,M,2025120,55.46
539518,EQ,M,2025120,185.88
539519,EQ,M,2025120,1.51
539522,EQ,M,2025120,55.60
539526,EQ,M,2025120,1.02
539527,EQ,M,2025120,721.26
539544,EQ,M,2025120,8.90
539545,EQ,M,2025120,38.68
539546,EQ,M,2025120,222.30
539559,EQ,M,2025120,5.46
539562,EQ,M,2025120,57.25
539596,EQ,M,2025120,14.76
539598,EQ,M,2025120,28.08
539599,EQ,M,2025120,31.43
539620,EQ,M,2025120,27.58
539621,EQ,M,2025120,1.00
539659,EQ,M,2025120,72.49
539661,EQ,M,2025120,81.53
539662,EQ,M,2025120,15.46
539669,EQ,M,2025120,0.80
539679,EQ,M,2025120,7.51
539724,EQ,M,2025120,29.59
539730,EQ,M,2025120,986.40
539773,EQ,M,2025120,1.90
539800,EQ,M,2025120,7.08
539835,EQ,M,2025120,1.80
539854,EQ,M,2025120,790.20
539875,EQ,M,2025120,122.70
539884,EQ,M,2025120,3.19
539894,EQ,M,2025120,16.87
539921,EQ,M,2025120,100.25
539938,EQ,M,2025120,45.72
539939,EQ,M,2025120,63.59
539946,EQ,M,2025120,80.23
539956,EQ,M,2025120,4196.58
539963,EQ,M,2025120,13.70
539984,EQ,M,2025120,2697.06
539991,EQ,M,2025120,95.54
539997,EQ,M,2025120,1229.88
540006,EQ,M,2025120,7.06
540023,EQ,M,2025120,22.14
540026,EQ,M,2025120,9.84
540063,EQ,M,2025120,9.79
540078,EQ,M,2025120,138.36
540079,EQ,M,2025120,7.30
540080,EQ,M,2025120,9.47
540097,EQ,M,2025120,50.98
540132,EQ,M,2025120,11.68
540143,EQ,M,2025120,180.54
540168,EQ,M,2025120,34.64
540174,EQ,M,2025120,26.53
540175,EQ,M,2025120,35.34
540181,EQ,M,2025120,50.54
540190,EQ,M,2025120,1.57
540192,EQ,M,2025120,26.26
540204,EQ,M,2025120,60.16
540252,EQ,M,2025120,10.92
540254,EQ,M,2025120,43.80
540259,EQ,M,2025120,0.78
540359,EQ,M,2025120,46.08
540360,EQ,M,2025120,7.21
540361,EQ,M,2025120,5.35
540395,EQ,M,2025120,162.06
540401,EQ,M,2025120,14.14
540404,EQ,M,2025120,216.72
540405,EQ,M,2025120,60.22
540481,EQ,M,2025120,32.26
540515,EQ,M,2025120,10.26
540519,EQ,M,2025120,88.04
540545,EQ,M,2025120,14.76
540590,EQ,M,2025120,75.11
540654,EQ,M,2025120,18.18
540686,EQ,M,2025120,143.88
540693,EQ,M,2025120,9.36
540696,EQ,M,2025120,6.74
540717,EQ,M,2025120,71.63
540727,EQ,M,2025120,35.41
540728,EQ,M,2025120,337.56
540737,EQ,M,2025120,734.10
540738,EQ,M,2025120,15.73
540786,EQ,M,2025120,21.08
540821,EQ,M,2025120,3.16
540874,EQ,M,2025120,80.09
540904,EQ,M,2025120,110.82
540936,EQ,M,2025120,5.74
540953,EQ,M,2025120,4.01
540955,EQ,M,2025120,12.34
540956,EQ,M,2025120,27.60
540980,EQ,M,2025120,46501.08
541005,EQ,M,2025120,85.78
541144,EQ,M,2025120,155.40
541228,EQ,M,2025120,320.40
541347,EQ,M,2025120,9.37
541444,EQ,M,2025120,35.42
541503,EQ,M,2025120,77.88
541634,EQ,M,2025120,27.71
541702,EQ,M,2025120,4.01
541771,EQ,M,2025120,2.69
541778,EQ,M,2025120,78.25
541865,EQ,M,2025120,13.02
541972,EQ,M,2025120,1086.66
542012,EQ,M,2025120,771.60
542013,EQ,M,2025120,240.06
542019,EQ,M,2025120,30.28
542034,EQ,M,2025120,20.27
542123,EQ,M,2025120,181.20
542176,EQ,M,2025120,22.92
542206,EQ,M,2025120,4.22
542248,EQ,M,2025120,23.36
542459,EQ,M,2025120,117.18
542579,EQ,M,2025120,7.92
542627,EQ,M,2025120,52.69
542628,EQ,M,2025120,232.80
542654,EQ,M,2025120,18.18
542666,EQ,M,2025120,7.24
542669,EQ,M,2025120,66.74
542682,EQ,M,2025120,76.91
542747,EQ,M,2025120,106.63
542802,EQ,M,2025120,2.92
542803,EQ,M,2025120,19.00
542862,EQ,M,2025120,23.47
542911,EQ,M,2025120,826.50
542918,EQ,M,2025120,18.07
542938,EQ,M,2025120,71.04
543171,EQ,M,2025120,2.95
543208,EQ,M,2025120,12.91
543229,EQ,M,2025120,321.60
543230,EQ,M,2025120,2229.18
543256,EQ,M,2025120,28.91
543341,EQ,M,2025120,13.80
543364,EQ,M,2025120,196.80
543376,EQ,M,2025120,82.85
543531,EQ,M,2025120,46.32
543590,EQ,M,2025120,21.96
543737,EQ,M,2025120,913.26
543927,EQ,M,2025120,54.38
543976,EQ,M,2025120,43.55
544080,EQ,M,2025120,1494.00
544090,EQ,M,2025120,1013.64
544112,EQ,M,2025120,653.82
544185,EQ,M,2025120,82.80
544186,EQ,M,2025120,262.08
544191,EQ,M,2025120,49.34
544205,EQ,M,2025120,810.30
5PAISA,EQ,M,2025120,492.78
63MOONS,EQ,M,2025120,1191.60
AAATECH,EQ,M,2025120,100.07
AADHARHFC,EQ,M,2025120,532.80
AARON,EQ,M,2025120,436.20
AARTECH,EQ,M,2025120,87.66
AARTIDRUGS,EQ,M,2025120,534.48
AARTIIND,EQ,M,2025120,571.08
AARTIPHARM,EQ,M,2025120,1047.42
AARVI,EQ,M,2025120,133.24
ABAN,EQ,M,2025120,68.08
ABB,EQ,M,2025120,7215.00
ABBOTINDIA,EQ,M,2025120,39672.00
ABCAPITAL,EQ,M,2025120,332.16
ABDL,EQ,M,2025120,522.30
ABFRL,EQ,M,2025120,89.27
ABGSEC,EQ,M,2025120,131.99
ABREL,EQ,M,2025120,2801.40
ABSLAMC,EQ,M,2025120,932.82
ABSLBANETF,EQ,M,2025120,69.60
ABSLLIQUID,EQ,M,2025120,1200.00
ABSLNN50ET,EQ,M,2025120,85.30
ABSLPSE,EQ,M,2025120,12.22
ACC,EQ,M,2025120,2258.04
ACCELYA,EQ,M,2025120,1693.32
ACCURACY,EQ,M,2025120,10.51
ACE,EQ,M,2025120,1469.16
ACEINTEG,EQ,M,2025120,30.88
ACI,EQ,M,2025120,757.26
ACL,EQ,M,2025120,80.00
ACLGATI,EQ,M,2025120,81.43
ACMESOLAR,EQ,M,2025120,295.80
ACUTAAS,EQ,M,2025120,1326.72
ADANIENSOL,EQ,M,2025120,1037.70
ADANIENT,EQ,M,2025120,3103.44
ADANIGREEN,EQ,M,2025120,1190.40
ADANIPORTS,EQ,M,2025120,1715.16
ADANIPOWER,EQ,M,2025120,693.72
ADFFOODS,EQ,M,2025120,335.74
ADOR,EQ,M,2025120,1208.94
ADROITINFO,EQ,M,2025120,13.15
ADSL,EQ,M,2025120,222.32
ADVANIHOTR,EQ,M,2025120,73.27
ADVENZYMES,EQ,M,2025120,389.46
AEGISLOG,EQ,M,2025120,990.48
AEGISVOPAK,EQ,M,2025120,302.68
AEROFLEX,EQ,M,2025120,245.47
AETHER,EQ,M,2025120,923.34
AFCONS,EQ,M,2025120,526.32
AFFLE,EQ,M,2025120,2347.80
AFFORDABLE,EQ,M,2025120,540.36
AFIL,EQ,M,2025120,8.99
AGARIND,EQ,M,2025120,1166.04
AGARWALEYE,EQ,M,2025120,479.94
AGI,EQ,M,2025120,977.34
AGIIL,EQ,M,2025120,1199.88
AGRITECH,EQ,M,2025120,190.21
AGROPHOS,EQ,M,2025120,43.22
AHLADA,EQ,M,2025120,82.01
AHLEAST,EQ,M,2025120,175.52
AHLUCONT,EQ,M,2025120,1130.88
AIAENG,EQ,M,2025120,3989.04
AIIL,EQ,M,2025120,3175.56
AIRAN,EQ,M,2025120,36.18
AIROLAM,EQ,M,2025120,137.51
AJANTPHARM,EQ,M,2025120,3082.08
AJAXENGG,EQ,M,2025120,754.56
AJMERA,EQ,M,2025120,1107.60
AJOONI,EQ,M,2025120,7.24
AKASH,EQ,M,2025120,33.85
AKG,EQ,M,2025120,17.52
AKSHARCHEM,EQ,M,2025120,307.76
AKSHOPTFBR,EQ,M,2025120,10.58
AKUMS,EQ,M,2025120,699.48
AKZOINDIA,EQ,M,2025120,3827.28
ALANKIT,EQ,M,2025120,17.30
ALBERTDAVD,EQ,M,2025120,1011.36
ALEMBICLTD,EQ,M,2025120,137.68
ALICON,EQ,M,2025120,1060.08
ALIVUS,EQ,M,2025120,1193.52
ALKALI,EQ,M,2025120,117.61
ALKEM,EQ,M,2025120,5809.20
ALKYLAMINE,EQ,M,2025120,2724.12
ALLCARGO,EQ,M,2025120,42.01
ALLDIGI,EQ,M,2025120,1107.60
ALMONDZ,EQ,M,2025120,24.06
ALPA,EQ,M,2025120,119.70
ALPHA,EQ,M,2025120,61.56
ALPHAETF,EQ,M,2025120,30.95
ALPHAGEO,EQ,M,2025120,337.32
ALPL30IETF,EQ,M,2025120,33.50
AMBICAAGAR,EQ,M,2025120,34.79
AMBIKCO,EQ,M,2025120,1872.36
AMBUJACEM,EQ,M,2025120,680.10
AMDIND,EQ,M,2025120,59.69
AMJLAND,EQ,M,2025120,76.98
AMNPLST,EQ,M,2025120,297.52
AMRUTANJAN,EQ,M,2025120,875.94
ANANDRATHI,EQ,M,2025120,2487.24
ANANTRAJ,EQ,M,2025120,677.10
ANDHRAPAP,EQ,M,2025120,99.48
ANGELONE,EQ,M,2025120,3483.60
ANIKINDS,EQ,M,2025120,129.67
ANMOL,EQ,M,2025120,21.11
ANTGRAPHIC,EQ,M,2025120,1.62
ANUHPHR,EQ,M,2025120,248.47
ANURAS,EQ,M,2025120,1355.28
AONELIQUID,EQ,M,2025120,1216.82
AONENIFTY,EQ,M,2025120,12.47
AONETOTAL,EQ,M,2025120,14.20
APARINDS,EQ,M,2025120,10407.00
APCL,EQ,M,2025120,183.06
APCOTEXIND,EQ,M,2025120,472.26
APEX,EQ,M,2025120,289.15
APLAPOLLO,EQ,M,2025120,2155.08
APLLTD,EQ,M,2025120,1169.52
APOLLO,EQ,M,2025120,236.09
APOLLOHOSP,EQ,M,2025120,8521.80
APOLLOPIPE,EQ,M,2025120,512.34
APOLLOTYRE,EQ,M,2025120,535.92
APOLSINHOT,EQ,M,2025120,1557.12
APTUS,EQ,M,2025120,384.84
ARCHIDPLY,EQ,M,2025120,129.46
ARE&M,EQ,M,2025120,1163.04
ARENTERP,EQ,M,2025120,61.64
ARIES,EQ,M,2025120,387.30
ARIHANTCAP,EQ,M,2025120,103.26
ARIHANTSUP,EQ,M,2025120,456.54
ARISINFRA,EQ,M,2025120,212.21
ARKADE,EQ,M,2025120,231.32
ARMANFIN,EQ,M,2025120,2167.44
AROGRANITE,EQ,M,2025120,48.36
ARTEMISMED,EQ,M,2025120,302.52
ARVEE,EQ,M,2025120,194.48
ARVIND,EQ,M,2025120,424.26
ARVINDFASN,EQ,M,2025120,581.46
ARVSMART,EQ,M,2025120,807.84
ASAHIINDIA,EQ,M,2025120,862.56
ASAL,EQ,M,2025120,700.50
ASALCBR,EQ,M,2025120,1290.84
ASHIANA,EQ,M,2025120,415.80
ASHOKA,EQ,M,2025120,256.66
ASHOKAMET,EQ,M,2025120,20.68
ASHOKLEY,EQ,M,2025120,298.70
ASIANENE,EQ,M,2025120,364.80
ASIANPAINT,EQ,M,2025120,2747.76
ASMS,EQ,M,2025120,16.38
ASPINWALL,EQ,M,2025120,349.86
ASTRAL,EQ,M,2025120,1826.76
ASTRAMICRO,EQ,M,2025120,1280.40
ASTRAZEN,EQ,M,2025120,10497.60
ATAM,EQ,M,2025120,128.65
ATGL,EQ,M,2025120,774.66
ATHERENERG,EQ,M,2025120,403.20
ATL,EQ,M,2025120,34.61
ATLANTAA,EQ,M,2025120,42.90
ATUL,EQ,M,2025120,8789.40
ATULAUTO,EQ,M,2025120,546.90
AUBANK,EQ,M,2025120,983.64
AURIONPRO,EQ,M,2025120,1682.28
AUROPHARMA,EQ,M,2025120,1347.84
AURUM,EQ,M,2025120,234.07
AUTOAXLES,EQ,M,2025120,2188.92
AUTOBEES,EQ,M,2025120,293.33
AUTOIETF,EQ,M,2025120,29.34
AUTOIND,EQ,M,2025120,97.03
AVADHSUGAR,EQ,M,2025120,606.84
AVALON,EQ,M,2025120,993.78
AVANTEL,EQ,M,2025120,189.11
AVANTIFEED,EQ,M,2025120,874.14
AVG,EQ,M,2025120,353.88
AVL,EQ,M,2025120,467.22
AVROIND,EQ,M,2025120,203.20
AWFIS,EQ,M,2025120,781.80
AWHCL,EQ,M,2025120,796.86
AWL,EQ,M,2025120,309.12
AXISBANK,EQ,M,2025120,1480.20
AXISBNKETF,EQ,M,2025120,700.87
AXISBPSETF,EQ,M,2025120,15.28
AXISCETF,EQ,M,2025120,145.30
AXISGOLD,EQ,M,2025120,97.98
AXISHCETF,EQ,M,2025120,173.62
AXISILVER,EQ,M,2025120,129.38
AXISNIFTY,EQ,M,2025120,333.96
AXISTECETF,EQ,M,2025120,503.45
AXISVALUE,EQ,M,2025120,34.85
AXITA,EQ,M,2025120,10.80
AXSENSEX,EQ,M,2025120,102.80
AYMSYNTEX,EQ,M,2025120,287.33
AZAD,EQ,M,2025120,1904.04
BAGFILMS,EQ,M,2025120,8.93
BAIDFIN,EQ,M,2025120,13.69
BAJAJ-AUTO,EQ,M,2025120,10119.60
BAJAJELEC,EQ,M,2025120,815.04
BAJAJFINSV,EQ,M,2025120,2464.32
BAJAJHCARE,EQ,M,2025120,628.26
BAJAJHFL,EQ,M,2025120,146.29
BAJAJHIND,EQ,M,2025120,29.35
BAJAJHLDNG,EQ,M,2025120,16644.00
BAJAJINDEF,EQ,M,2025120,502.01
BAJFINANCE,EQ,M,2025120,1141.80
BALAJEE,EQ,M,2025120,56.04
BALAXI,EQ,M,2025120,59.98
BALKRISHNA,EQ,M,2025120,25.42
BALKRISIND,EQ,M,2025120,2920.08
BALMLAWRIE,EQ,M,2025120,253.19
BALRAMCHIN,EQ,M,2025120,706.74
BANARBEADS,EQ,M,2025120,148.22
BANARISUG,EQ,M,2025120,4686.60
BANCOINDIA,EQ,M,2025120,705.30
BANDHANBNK,EQ,M,2025120,222.07
BANG,EQ,M,2025120,67.12
BANKA,EQ,M,2025120,85.96
BANKBARODA,EQ,M,2025120,287.21
BANKBEES,EQ,M,2025120,703.79
BANKBETF,EQ,M,2025120,68.98
BANKETF,EQ,M,2025120,692.45
BANKETFADD,EQ,M,2025120,69.65
BANKIETF,EQ,M,2025120,69.78
BANKINDIA,EQ,M,2025120,140.34
BANKNIFTY1,EQ,M,2025120,704.60
BANKPSU,EQ,M,2025120,84.07
BANSALWIRE,EQ,M,2025120,462.90
BANSWRAS,EQ,M,2025120,175.15
BARBEQUE,EQ,M,2025120,387.66
BASF,EQ,M,2025120,6020.40
BASML,EQ,M,2025120,42.17
BATAINDIA,EQ,M,2025120,1467.72
BAYERCROP,EQ,M,2025120,7093.20
BBETF0432,EQ,M,2025120,1534.25
BBL,EQ,M,2025120,3713.04
BBNPNBETF,EQ,M,2025120,68.42
BBNPPGOLD,EQ,M,2025120,113.76
BBTC,EQ,M,2025120,2314.80
BBTCL,EQ,M,2025120,185.98
BCLIND,EQ,M,2025120,50.95
BCONCEPTS,EQ,M,2025120,423.12
BDL,EQ,M,2025120,2192.76
BEARDSELL,EQ,M,2025120,35.99
BECTORFOOD,EQ,M,2025120,1630.08
BEDMUTHA,EQ,M,2025120,184.84
BEL,EQ,M,2025120,492.12
BELRISE,EQ,M,2025120,123.20
BEML,EQ,M,2025120,5338.08
BERGEPAINT,EQ,M,2025120,684.00
BESTAGRO,EQ,M,2025120,397.44
BFINVEST,EQ,M,2025120,589.86
BFSI,EQ,M,2025120,33.46
BFUTILITIE,EQ,M,2025120,939.96
BHAGCHEM,EQ,M,2025120,354.48
BHAGERIA,EQ,M,2025120,225.85
BHAGYANGR,EQ,M,2025120,96.17
BHANDARI,EQ,M,2025120,6.60
BHARATFORG,EQ,M,2025120,1543.80
BHARATGEAR,EQ,M,2025120,105.43
BHARATRAS,EQ,M,2025120,12675.00
BHARATWIRE,EQ,M,2025120,265.22
BHARTIARTL,EQ,M,2025120,2417.16
BHARTIHEXA,EQ,M,2025120,2175.12
BHEL,EQ,M,2025120,317.34
BIGBLOC,EQ,M,2025120,77.68
BIKAJI,EQ,M,2025120,900.54
BIOCON,EQ,M,2025120,420.60
BIRLACORPN,EQ,M,2025120,1580.64
BIRLANU,EQ,M,2025120,2695.44
BLACKBUCK,EQ,M,2025120,516.18
BLAL,EQ,M,2025120,261.96
BLBLIMITED,EQ,M,2025120,18.00
BLISSGVS,EQ,M,2025120,178.57
BLKASHYAP,EQ,M,2025120,79.38
BLS,EQ,M,2025120,443.58
BLUEDART,EQ,M,2025120,7591.20
BLUEJET,EQ,M,2025120,1043.70
BLUESTARCO,EQ,M,2025120,1993.08
BLUSPRING,EQ,M,2025120,87.96
BODALCHEM,EQ,M,2025120,88.57
BOMDYEING,EQ,M,2025120,188.58
BORANA,EQ,M,2025120,263.72
BOROLTD,EQ,M,2025120,414.48
BORORENEW,EQ,M,2025120,643.62
BOROSCI,EQ,M,2025120,192.34
BOSCHLTD,EQ,M,2025120,38658.00
BPCL,EQ,M,2025120,395.70
BPL,EQ,M,2025120,109.61
BRIGADE,EQ,M,2025120,1353.60
BRITANNIA,EQ,M,2025120,6993.60
BSE,EQ,M,2025120,3363.60
BSE500IETF,EQ,M,2025120,47.29
BSHSL,EQ,M,2025120,168.34
BSLGOLDETF,EQ,M,2025120,103.18
BSLNIFTY,EQ,M,2025120,35.34
BSLSENETFG,EQ,M,2025120,99.67
BSOFT,EQ,M,2025120,530.64
BTML,EQ,M,2025120,9.96
BUTTERFLY,EQ,M,2025120,879.54
BVCL,EQ,M,2025120,45.71
CALSOFT,EQ,M,2025120,18.79
CAMPUS,EQ,M,2025120,336.36
CAMS,EQ,M,2025120,5055.36
CANBK,EQ,M,2025120,133.28
CANFINHOME,EQ,M,2025120,948.60
CANTABIL,EQ,M,2025120,314.92
CAPACITE,EQ,M,2025120,397.38
CAPITALSFB,EQ,M,2025120,353.82
CAPLIPOINT,EQ,M,2025120,2496.12
CARBORUNIV,EQ,M,2025120,1154.88
CARERATING,EQ,M,2025120,2105.76
CARRARO,EQ,M,2025120,520.08
CARTRADE,EQ,M,2025120,1895.88
CARYSIL,EQ,M,2025120,1026.06
CASHIETF,EQ,M,2025120,1219.78
CASTROLIND,EQ,M,2025120,257.03
CCCL,EQ,M,2025120,23.15
CCHHL,EQ,M,2025120,20.51
CCL,EQ,M,2025120,1005.12
CEATLTD,EQ,M,2025120,4285.08
CEIGALL,EQ,M,2025120,303.64
CELEBRITY,EQ,M,2025120,16.93
CELLO,EQ,M,2025120,727.38
CENTENKA,EQ,M,2025120,607.98
CENTEXT,EQ,M,2025120,24.22
CENTRALBK,EQ,M,2025120,46.49
CENTUM,EQ,M,2025120,2852.40
CENTURYPLY,EQ,M,2025120,887.40
CERA,EQ,M,2025120,7915.80
CESC,EQ,M,2025120,207.83
CEWATER,EQ,M,2025120,699.72
CGPOWER,EQ,M,2025120,809.70
CHALET,EQ,M,2025120,1099.74
CHAMBLFERT,EQ,M,2025120,669.48
CHEMCON,EQ,M,2025120,243.86
CHEMFAB,EQ,M,2025120,906.60
CHEMPLASTS,EQ,M,2025120,512.10
CHENNPETRO,EQ,M,2025120,805.86
CHEVIOT,EQ,M,2025120,1317.60
CHOICEIN,EQ,M,2025120,858.36
CHOLAFIN,EQ,M,2025120,1952.40
CHOLAHLDNG,EQ,M,2025120,2454.36
CIEINDIA,EQ,M,2025120,533.40
CIFL,EQ,M,2025120,50.90
CIGNITITEC,EQ,M,2025120,2119.56
CINELINE,EQ,M,2025120,107.36
CIPLA,EQ,M,2025120,1816.56
CLEAN,EQ,M,2025120,1767.72
CLEDUCATE,EQ,M,2025120,107.70
CLSEL,EQ,M,2025120,416.16
CMSINFO,EQ,M,2025120,590.64
COALINDIA,EQ,M,2025120,472.98
COASTCORP,EQ,M,2025120,45.82
COCHINSHIP,EQ,M,2025120,2509.56
COFFEEDAY,EQ,M,2025120,45.19
COFORGE,EQ,M,2025120,2265.60
COHANCE,EQ,M,2025120,1202.40
COLPAL,EQ,M,2025120,2850.84
COMMOIETF,EQ,M,2025120,107.76
COMPUSOFT,EQ,M,2025120,26.56
COMSYN,EQ,M,2025120,164.23
CONCOR,EQ,M,2025120,905.04
CONCORDBIO,EQ,M,2025120,2158.32
CONFIPET,EQ,M,2025120,66.50
CONS,EQ,M,2025120,144.72
CONSOFINVT,EQ,M,2025120,244.72
CONSUMBEES,EQ,M,2025120,157.22
CONSUMER,EQ,M,2025120,14.20
CONSUMIETF,EQ,M,2025120,146.11
CONTROLPR,EQ,M,2025120,948.66
CORALFINAC,EQ,M,2025120,55.32
CORDSCABLE,EQ,M,2025120,247.13
COROMANDEL,EQ,M,2025120,2734.92
COSMOFIRST,EQ,M,2025120,1396.44
CPCAP,EQ,M,2025120,191.80
CPSEETF,EQ,M,2025120,112.25
CRAFTSMAN,EQ,M,2025120,6566.40
CREATIVE,EQ,M,2025120,837.60
CRED,EQ,M,2025120,14.94
CREDITACC,EQ,M,2025120,1423.92
CREST,EQ,M,2025120,484.56
CRISIL,EQ,M,2025120,7136.40
CROMPTON,EQ,M,2025120,429.30
CROWN,EQ,M,2025120,227.88
CSBBANK,EQ,M,2025120,471.84
CSLFINANCE,EQ,M,2025120,400.32
CUB,EQ,M,2025120,246.16
CUBEXTUB,EQ,M,2025120,127.10
CUPID,EQ,M,2025120,124.74
CYBERMEDIA,EQ,M,2025120,20.94
CYIENT,EQ,M,2025120,1554.60
CYIENTDLM,EQ,M,2025120,564.12
DABUR,EQ,M,2025120,577.86
DALBHARAT,EQ,M,2025120,2630.04
DALMIASUG,EQ,M,2025120,492.78
DAMCAPITAL,EQ,M,2025120,303.12
DAMODARIND,EQ,M,2025120,42.90
DATAMATICS,EQ,M,2025120,754.14
DATAPATTNS,EQ,M,2025120,3435.00
DAVANGERE,EQ,M,2025120,4.06
DBCORP,EQ,M,2025120,327.48
DBEIL,EQ,M,2025120,175.40
DBL,EQ,M,2025120,613.38
DBREALTY,EQ,M,2025120,279.22
DBSTOCKBRO,EQ,M,2025120,40.18
DCBBANK,EQ,M,2025120,172.07
DCI,EQ,M,2025120,347.16
DCM,EQ,M,2025120,131.40
DCMNVL,EQ,M,2025120,213.40
DCMSHRIRAM,EQ,M,2025120,1442.64
DCMSRIND,EQ,M,2025120,201.58
DCW,EQ,M,2025120,96.36
DCXINDIA,EQ,M,2025120,331.32
DDEVPLSTIK,EQ,M,2025120,325.38
DEEDEV,EQ,M,2025120,375.78
DEEPAKFERT,EQ,M,2025120,1913.28
DEEPINDS,EQ,M,2025120,541.08
DELHIVERY,EQ,M,2025120,461.76
DELPHIFX,EQ,M,2025120,180.66
DELTACORP,EQ,M,2025120,108.06
DEN,EQ,M,2025120,45.73
DENORA,EQ,M,2025120,1040.58
DENTA,EQ,M,2025120,351.84
DEVIT,EQ,M,2025120,129.89
DEVYANI,EQ,M,2025120,206.23
DGCONTENT,EQ,M,2025120,53.93
DHANBANK,EQ,M,2025120,35.34
DHANI,EQ,M,2025120,83.06
DHANUKA,EQ,M,2025120,1971.60
DHUNINV,EQ,M,2025120,1821.60
DIACABS,EQ,M,2025120,153.92
DIAMINESQ,EQ,M,2025120,530.64
DIAMONDYD,EQ,M,2025120,1241.76
DICIND,EQ,M,2025120,780.48
DIFFNKG,EQ,M,2025120,381.06
DIGIDRIVE,EQ,M,2025120,37.09
DIGISPICE,EQ,M,2025120,27.97
DIGITIDE,EQ,M,2025120,258.19
DIVGIITTS,EQ,M,2025120,705.42
DIVISLAB,EQ,M,2025120,7939.20
DIVOPPBEES,EQ,M,2025120,95.00
DJML,EQ,M,2025120,121.80
DLF,EQ,M,2025120,1016.52
DLINKINDIA,EQ,M,2025120,647.34
DMART,EQ,M,2025120,5178.48
DMCC,EQ,M,2025120,313.38
DNAMEDIA,EQ,M,2025120,5.90
DODLA,EQ,M,2025120,1735.20
DOLATALGO,EQ,M,2025120,121.33
DOLLAR,EQ,M,2025120,459.78
DOMS,EQ,M,2025120,2988.24
DONEAR,EQ,M,2025120,129.84
DPABHUSHAN,EQ,M,2025120,1764.72
DPSCLTD,EQ,M,2025120,15.94
DPWIRES,EQ,M,2025120,283.38
DREAMFOLKS,EQ,M,2025120,275.88
DREDGECORP,EQ,M,2025120,841.14
DRREDDY,EQ,M,2025120,1585.80
DSSL,EQ,M,2025120,1297.08
DTIL,EQ,M,2025120,239.80
DUCON,EQ,M,2025120,7.16
DVL,EQ,M,2025120,411.84
DWARKESH,EQ,M,2025120,58.26
DYCL,EQ,M,2025120,1141.86
DYNAMATECH,EQ,M,2025120,8758.80
DYNPRO,EQ,M,2025120,340.08
E2E,EQ,M,2025120,2991.00
EASEMYTRIP,EQ,M,2025120,12.65
EBANKNIFTY,EQ,M,2025120,68.58
EBBETF0430,EQ,M,2025120,1820.24
EBBETF0431,EQ,M,2025120,1636.07
EBBETF0433,EQ,M,2025120,1496.40
ECAPINSURE,EQ,M,2025120,28.50
ECLERX,EQ,M,2025120,4216.44
ECOSMOBLTY,EQ,M,2025120,374.76
EDELWEISS,EQ,M,2025120,130.99
EGOLD,EQ,M,2025120,117.90
EICHERMOT,EQ,M,2025120,6733.80
EIEL,EQ,M,2025120,282.50
EIFFL,EQ,M,2025120,258.76
EIHAHOTELS,EQ,M,2025120,454.26
EIHOTEL,EQ,M,2025120,437.28
EIMCOELECO,EQ,M,2025120,2968.20
EKC,EQ,M,2025120,162.90
ELDEHSG,EQ,M,2025120,959.82
ELECON,EQ,M,2025120,751.68
ELECTCAST,EQ,M,2025120,164.45
ELECTHERM,EQ,M,2025120,1509.72
ELGIEQUIP,EQ,M,2025120,634.98
EMAMILTD,EQ,M,2025120,688.98
EMAMIPAP,EQ,M,2025120,113.69
EMCURE,EQ,M,2025120,1582.08
EMIL,EQ,M,2025120,178.04
EMMBI,EQ,M,2025120,131.24
EMSLIMITED,EQ,M,2025120,753.48
EMUDHRA,EQ,M,2025120,915.06
EMULTIMQ,EQ,M,2025120,52.54
ENDURANCE,EQ,M,2025120,3156.60
ENGINERSIN,EQ,M,2025120,279.78
ENTERO,EQ,M,2025120,1341.72
EPACK,EQ,M,2025120,408.24
EPIGRAL,EQ,M,2025120,2171.28
EPL,EQ,M,2025120,284.53
EQUAL200,EQ,M,2025120,15.74
EQUAL50,EQ,M,2025120,384.01
EQUAL50ADD,EQ,M,2025120,395.71
EQUITASBNK,EQ,M,2025120,80.98
ERIS,EQ,M,2025120,1941.60
ESABINDIA,EQ,M,2025120,6103.80
ESAFSFB,EQ,M,2025120,39.16
ESCORTS,EQ,M,2025120,4029.60
ESG,EQ,M,2025120,51.96
ESILVER,EQ,M,2025120,130.31
ESSENTIA,EQ,M,2025120,2.64
ESTER,EQ,M,2025120,155.04
ETHOSLTD,EQ,M,2025120,3092.52
EUREKAFORB,EQ,M,2025120,721.92
EUROTEXIND,EQ,M,2025120,19.33
EVEREADY,EQ,M,2025120,384.30
EVIETF,EQ,M,2025120,35.12
EVINDIA,EQ,M,2025120,35.17
EXCEL,EQ,M,2025120,1.02
EXCELINDUS,EQ,M,2025120,1495.80
EXPLEOSOL,EQ,M,2025120,1546.20
FACT,EQ,M,2025120,1159.08
FAIRCHEMOR,EQ,M,2025120,1130.16
FAZE3Q,EQ,M,2025120,684.36
FCL,EQ,M,2025120,330.88
FCSSOFT,EQ,M,2025120,3.11
FDC,EQ,M,2025120,569.52
FEDERALBNK,EQ,M,2025120,252.02
FEDFINA,EQ,M,2025120,139.36
FIBERWEB,EQ,M,2025120,61.73
FIEMIND,EQ,M,2025120,2180.76
FILATEX,EQ,M,2025120,66.47
FINCABLES,EQ,M,2025120,1128.48
FINEORG,EQ,M,2025120,5880.72
FINIETF,EQ,M,2025120,37.57
FINPIPE,EQ,M,2025120,261.29
FIRSTCRY,EQ,M,2025120,476.22
FIVESTAR,EQ,M,2025120,910.92
FLAIR,EQ,M,2025120,310.62
FLUOROCHEM,EQ,M,2025120,4249.32
FMCGIETF,EQ,M,2025120,70.33
FMGOETZE,EQ,M,2025120,638.88
FOODSIN,EQ,M,2025120,146.75
FORCEMOT,EQ,M,2025120,16936.80
FORTIS,EQ,M,2025120,948.84
FOSECOIND,EQ,M,2025120,5668.08
FSL,EQ,M,2025120,460.02
FUSION,EQ,M,2025120,246.16
GABRIEL,EQ,M,2025120,791.76
GAEL,EQ,M,2025120,134.66
GAIL,EQ,M,2025120,224.15
GALAPREC,EQ,M,2025120,1053.84
GALAXYSURF,EQ,M,2025120,3120.36
GALLANTT,EQ,M,2025120,644.16
GANDHAR,EQ,M,2025120,208.06
GANDHITUBE,EQ,M,2025120,856.44
GANECOS,EQ,M,2025120,1777.44
GANESHBE,EQ,M,2025120,118.40
GANESHHOUC,EQ,M,2025120,1194.12
GANGAFORGE,EQ,M,2025120,4.79
GANGESSECU,EQ,M,2025120,198.94
GARFIBRES,EQ,M,2025120,1098.00
GARUDA,EQ,M,2025120,150.80
GATECHDVR,EQ,M,2025120,1.20
GATEWAY,EQ,M,2025120,78.74
GEECEE,EQ,M,2025120,464.10
GEEKAYWIRE,EQ,M,2025120,85.62
GENESYS,EQ,M,2025120,756.96
GENUSPAPER,EQ,M,2025120,22.78
GENUSPOWER,EQ,M,2025120,446.76
GEOJITFSL,EQ,M,2025120,102.36
GEPIL,EQ,M,2025120,378.72
GESHIP,EQ,M,2025120,1185.54
GFLLIMITED,EQ,M,2025120,79.61
GHCL,EQ,M,2025120,721.74
GHCLTEXTIL,EQ,M,2025120,111.55
GICHSGFIN,EQ,M,2025120,232.45
GICRE,EQ,M,2025120,457.86
GILLANDERS,EQ,M,2025120,164.04
GILLETTE,EQ,M,2025120,12937.20
GILT5YBEES,EQ,M,2025120,74.84
GIPCL,EQ,M,2025120,249.77
GKWLIMITED,EQ,M,2025120,2230.92
GLAND,EQ,M,2025120,2150.76
GLAXO,EQ,M,2025120,3962.16
GLENMARK,EQ,M,2025120,2078.40
GLOBAL,EQ,M,2025120,74.78
GLOBUSSPR,EQ,M,2025120,1146.06
GLOSTERLTD,EQ,M,2025120,858.84
GMBREW,EQ,M,2025120,875.10
GMDCLTD,EQ,M,2025120,485.70
GMMPFAUDLR,EQ,M,2025120,1423.44
GMRP&UI,EQ,M,2025120,129.08
GNA,EQ,M,2025120,386.40
GOACARBON,EQ,M,2025120,585.30
GOCLCORP,EQ,M,2025120,440.16
GOCOLORS,EQ,M,2025120,1053.60
GODFRYPHLP,EQ,M,2025120,10321.20
GODHA,EQ,M,2025120,0.65
GODIGIT,EQ,M,2025120,425.34
GODREJAGRO,EQ,M,2025120,925.92
GODREJCP,EQ,M,2025120,1421.16
GODREJIND,EQ,M,2025120,1495.80
GODREJPROP,EQ,M,2025120,2869.92
GOKEX,EQ,M,2025120,1058.70
GOKUL,EQ,M,2025120,53.87
GOKULAGRO,EQ,M,2025120,366.19
GOLD1,EQ,M,2025120,98.14
GOLD360,EQ,M,2025120,115.20
GOLDBEES,EQ,M,2025120,97.34
GOLDCASE,EQ,M,2025120,18.50
GOLDETF,EQ,M,2025120,114.31
GOLDETFADD,EQ,M,2025120,113.87
GOLDIAM,EQ,M,2025120,410.40
GOLDIETF,EQ,M,2025120,100.60
GOLDSHARE,EQ,M,2025120,99.30
GOLDTECH,EQ,M,2025120,81.14
GOODLUCK,EQ,M,2025120,1320.24
GOPAL,EQ,M,2025120,427.44
GOYALALUM,EQ,M,2025120,9.68
GPIL,EQ,M,2025120,226.46
GPPL,EQ,M,2025120,194.09
GPTHEALTH,EQ,M,2025120,174.84
GPTINFRA,EQ,M,2025120,154.63
GRANULES,EQ,M,2025120,596.28
GRAPHITE,EQ,M,2025120,668.82
GRASIM,EQ,M,2025120,3459.48
GRAVITA,EQ,M,2025120,2171.16
GREAVESCOT,EQ,M,2025120,242.82
GREENLAM,EQ,M,2025120,284.52
GREENPANEL,EQ,M,2025120,320.76
GREENPLY,EQ,M,2025120,380.88
GREENPOWER,EQ,M,2025120,17.02
GRINDWELL,EQ,M,2025120,2061.60
GRINFRA,EQ,M,2025120,1525.80
GRMOVER,EQ,M,2025120,434.88
GROWWDEFNC,EQ,M,2025120,104.71
GROWWEV,EQ,M,2025120,35.09
GROWWGOLD,EQ,M,2025120,115.18
GROWWLIQID,EQ,M,2025120,125.52
GROWWLOVOL,EQ,M,2025120,12.72
GROWWMOM50,EQ,M,2025120,13.36
GROWWN200,EQ,M,2025120,13.70
GROWWRAIL,EQ,M,2025120,46.18
GROWWSLVR,EQ,M,2025120,128.44
GRPLTD,EQ,M,2025120,3332.88
GRWRHITECH,EQ,M,2025120,4978.20
GSEC10ABSL,EQ,M,2025120,131.44
GSEC10IETF,EQ,M,2025120,308.16
GSEC10YEAR,EQ,M,2025120,34.98
GSEC5IETF,EQ,M,2025120,75.04
GSFC,EQ,M,2025120,240.34
GSLSU,EQ,M,2025120,143.80
GSPL,EQ,M,2025120,383.82
GSS,EQ,M,2025120,40.88
GTL,EQ,M,2025120,13.46
GTLINFRA,EQ,M,2025120,2.23
GTPL,EQ,M,2025120,142.90
GUFICBIO,EQ,M,2025120,422.04
GUJALKALI,EQ,M,2025120,731.04
GUJAPOLLO,EQ,M,2025120,441.30
GUJGASLTD,EQ,M,2025120,553.50
GUJTHEM,EQ,M,2025120,414.66
GULFOILLUB,EQ,M,2025120,1457.88
GULFPETRO,EQ,M,2025120,55.36
GULPOLY,EQ,M,2025120,216.35
GVPTECH,EQ,M,2025120,12.22
GVT&D,EQ,M,2025120,2815.80
HAL,EQ,M,2025120,5780.40
HAPPSTMNDS,EQ,M,2025120,775.50
HAPPYFORGE,EQ,M,2025120,1161.30
HARIOMPIPE,EQ,M,2025120,485.58
HARRMALAYA,EQ,M,2025120,258.29
HARSHA,EQ,M,2025120,485.76
HATHWAY,EQ,M,2025120,19.28
HATSUN,EQ,M,2025120,1135.08
HAVELLS,EQ,M,2025120,1888.80
HAVISHA,EQ,M,2025120,2.88
HBLENGINE,EQ,M,2025120,702.54
HBSL,EQ,M,2025120,132.04
HCG,EQ,M,2025120,656.46
HCLTECH,EQ,M,2025120,2068.92
HDFCAMC,EQ,M,2025120,6090.00
HDFCBANK,EQ,M,2025120,2426.16
HDFCBSE500,EQ,M,2025120,45.00
HDFCGOLD,EQ,M,2025120,100.48
HDFCGROWTH,EQ,M,2025120,141.86
HDFCLIFE,EQ,M,2025120,959.34
HDFCLIQUID,EQ,M,2025120,1220.21
HDFCLOWVOL,EQ,M,2025120,24.46
HDFCMID150,EQ,M,2025120,26.28
HDFCMOMENT,EQ,M,2025120,38.53
HDFCNEXT50,EQ,M,2025120,82.85
HDFCNIF100,EQ,M,2025120,31.99
HDFCNIFBAN,EQ,M,2025120,70.04
HDFCNIFIT,EQ,M,2025120,48.98
HDFCNIFTY,EQ,M,2025120,340.01
HDFCPSUBK,EQ,M,2025120,84.58
HDFCPVTBAN,EQ,M,2025120,34.42
HDFCQUAL,EQ,M,2025120,69.44
HDFCSENSEX,EQ,M,2025120,112.20
HDFCSILVER,EQ,M,2025120,125.20
HDFCSML250,EQ,M,2025120,211.20
HDFCVALUE,EQ,M,2025120,162.65
HEADSUP,EQ,M,2025120,11.78
HEALTHADD,EQ,M,2025120,172.03
HEALTHIETF,EQ,M,2025120,174.68
HEALTHY,EQ,M,2025120,17.53
HEG,EQ,M,2025120,594.42
HEIDELBERG,EQ,M,2025120,244.22
HEMIPROP,EQ,M,2025120,166.84
HERITGFOOD,EQ,M,2025120,577.32
HEROMOTOCO,EQ,M,2025120,5133.60
HESTERBIO,EQ,M,2025120,2185.32
HEUBACHIND,EQ,M,2025120,703.44
HEXATRADEX,EQ,M,2025120,222.84
HGINFRA,EQ,M,2025120,1274.40
HGS,EQ,M,2025120,652.62
HIKAL,EQ,M,2025120,431.64
HIMATSEIDE,EQ,M,2025120,178.25
HINDALCO,EQ,M,2025120,828.72
HINDCOMPOS,EQ,M,2025120,571.26
HINDCON,EQ,M,2025120,41.95
HINDCOPPER,EQ,M,2025120,326.50
HINDOILEXP,EQ,M,2025120,205.20
HINDUNILVR,EQ,M,2025120,2736.96
HINDWAREAP,EQ,M,2025120,345.12
HINDZINC,EQ,M,2025120,538.68
HIRECT,EQ,M,2025120,1492.56
HISARMETAL,EQ,M,2025120,236.64
HITECHCORP,EQ,M,2025120,231.58
HLEGLAS,EQ,M,2025120,547.20
HLVLTD,EQ,M,2025120,16.52
HMAAGRO,EQ,M,2025120,39.11
HMVL,EQ,M,2025120,107.52
HNDFDS,EQ,M,2025120,644.10
HNGSNGBEES,EQ,M,2025120,463.28
HOMEFIRST,EQ,M,2025120,1664.76
HONASA,EQ,M,2025120,375.06
HONAUT,EQ,M,2025120,46380.00
HONDAPOWER,EQ,M,2025120,3482.76
HPAL,EQ,M,2025120,61.50
HPIL,EQ,M,2025120,157.43
HPL,EQ,M,2025120,649.14
HSCL,EQ,M,2025120,538.62
HUDCO,EQ,M,2025120,288.52
HUHTAMAKI,EQ,M,2025120,262.84
ICEMAKE,EQ,M,2025120,935.22
ICICIB22,EQ,M,2025120,132.74
ICICIBANK,EQ,M,2025120,1726.92
ICICIGI,EQ,M,2025120,2420.40
ICICIPRULI,EQ,M,2025120,776.76
ICIL,EQ,M,2025120,353.46
ICRA,EQ,M,2025120,8028.00
IDBI,EQ,M,2025120,114.53
IDEAFORGE,EQ,M,2025120,710.58
IDFCFIRSTB,EQ,M,2025120,86.28
IDFNIFTYET,EQ,M,2025120,332.02
IEX,EQ,M,2025120,228.17
IFBIND,EQ,M,2025120,1890.12
IFGLEXPOR,EQ,M,2025120,603.42
IGARASHI,EQ,M,2025120,573.06
IGIL,EQ,M,2025120,432.06
IGL,EQ,M,2025120,250.00
IGPL,EQ,M,2025120,557.76
IIFL,EQ,M,2025120,573.54
IIFLCAPS,EQ,M,2025120,410.40
IKIO,EQ,M,2025120,257.39
IKS,EQ,M,2025120,1907.88
IMFA,EQ,M,2025120,924.66
IMPAL,EQ,M,2025120,1382.40
INDBANK,EQ,M,2025120,41.02
INDGN,EQ,M,2025120,689.58
INDHOTEL,EQ,M,2025120,939.54
INDIACEM,EQ,M,2025120,401.94
INDIAGLYCO,EQ,M,2025120,2460.60
INDIAMART,EQ,M,2025120,3164.76
INDIANB,EQ,M,2025120,763.14
INDIANCARD,EQ,M,2025120,380.04
INDIANHUME,EQ,M,2025120,507.48
INDIASHLTR,EQ,M,2025120,1057.68
INDIGO,EQ,M,2025120,6829.80
INDIGOPNTS,EQ,M,2025120,1399.08
INDNIPPON,EQ,M,2025120,876.06
INDOAMIN,EQ,M,2025120,196.26
INDOBORAX,EQ,M,2025120,252.78
INDOCO,EQ,M,2025120,354.12
INDOSTAR,EQ,M,2025120,422.70
INDOTECH,EQ,M,2025120,2385.60
INDOUS,EQ,M,2025120,185.11
INDOWIND,EQ,M,2025120,24.19
INDRAMEDCO,EQ,M,2025120,490.80
INDSWFTLAB,EQ,M,2025120,134.08
INDSWFTLTD,EQ,M,2025120,22.33
INDTERRAIN,EQ,M,2025120,45.26
INDUSINDBK,EQ,M,2025120,1003.32
INDUSTOWER,EQ,M,2025120,498.42
INFIBEAM,EQ,M,2025120,23.42
INFOBEAN,EQ,M,2025120,452.82
INFRABEES,EQ,M,2025120,1156.42
INFRAIETF,EQ,M,2025120,114.83
INFY,EQ,M,2025120,1939.20
INGERRAND,EQ,M,2025120,4563.36
INNOVACAP,EQ,M,2025120,1024.56
INNOVANA,EQ,M,2025120,620.82
INOXINDIA,EQ,M,2025120,1472.52
INSECTICID,EQ,M,2025120,1152.54
INSPIRISYS,EQ,M,2025120,121.00
INTELLECT,EQ,M,2025120,1345.08
INTENTECH,EQ,M,2025120,108.77
INTLCONV,EQ,M,2025120,112.27
INVENTURE,EQ,M,2025120,1.96
IOB,EQ,M,2025120,45.38
IOC,EQ,M,2025120,175.52
IONEXCHANG,EQ,M,2025120,636.78
IPCALAB,EQ,M,2025120,1613.40
IPL,EQ,M,2025120,265.33
IRB,EQ,M,2025120,60.29
IRCON,EQ,M,2025120,243.60
IRCTC,EQ,M,2025120,927.66
IREDA,EQ,M,2025120,205.12
IRFC,EQ,M,2025120,167.84
IRIS,EQ,M,2025120,331.26
IRISDOREME,EQ,M,2025120,74.54
IRMENERGY,EQ,M,2025120,360.90
ISFT,EQ,M,2025120,134.62
ISGEC,EQ,M,2025120,1427.52
ISHANCH,EQ,M,2025120,68.35
IT,EQ,M,2025120,50.71
ITBEES,EQ,M,2025120,50.88
ITC,EQ,M,2025120,504.36
ITCHOTELS,EQ,M,2025120,268.46
ITDC,EQ,M,2025120,718.80
ITDCEM,EQ,M,2025120,1053.60
ITETF,EQ,M,2025120,48.49
ITETFADD,EQ,M,2025120,48.50
ITI,EQ,M,2025120,384.72
ITIETF,EQ,M,2025120,50.70
IVC,EQ,M,2025120,10.88
IVP,EQ,M,2025120,218.77
IVZINGOLD,EQ,M,2025120,10213.62
IVZINNIFTY,EQ,M,2025120,3466.60
IXIGO,EQ,M,2025120,214.42
J&KBANK,EQ,M,2025120,129.92
JAGRAN,EQ,M,2025120,86.30
JAGSNPHARM,EQ,M,2025120,259.96
JAICORPLTD,EQ,M,2025120,136.08
JAIPURKURT,EQ,M,2025120,52.10
JAMNAAUTO,EQ,M,2025120,112.79
JASH,EQ,M,2025120,691.32
JAYAGROGN,EQ,M,2025120,308.46
JAYBARMARU,EQ,M,2025120,94.09
JAYNECOIND,EQ,M,2025120,47.87
JAYSREETEA,EQ,M,2025120,133.02
JBCHEPHARM,EQ,M,2025120,2102.76
JBMA,EQ,M,2025120,770.46
JCHAC,EQ,M,2025120,2138.40
JETFREIGHT,EQ,M,2025120,17.11
JGCHEM,EQ,M,2025120,480.06
JHS,EQ,M,2025120,15.94
JINDALPOLY,EQ,M,2025120,731.28
JINDALSAW,EQ,M,2025120,290.34
JINDALSTEL,EQ,M,2025120,1145.88
JINDRILL,EQ,M,2025120,772.98
JINDWORLD,EQ,M,2025120,66.76
JISLDVREQS,EQ,M,2025120,39.01
JISLJALEQS,EQ,M,2025120,69.32
JKCEMENT,EQ,M,2025120,7275.60
JKIL,EQ,M,2025120,872.34
JKLAKSHMI,EQ,M,2025120,1006.26
JKPAPER,EQ,M,2025120,441.66
JKTYRE,EQ,M,2025120,426.48
JLHL,EQ,M,2025120,1727.40
JMA,EQ,M,2025120,112.94
JMFINANCIL,EQ,M,2025120,187.18
JNKINDIA,EQ,M,2025120,425.04
JPOLYINVST,EQ,M,2025120,1096.26
JSFB,EQ,M,2025120,599.58
JSL,EQ,M,2025120,832.86
JSWENERGY,EQ,M,2025120,620.34
JSWINFRA,EQ,M,2025120,381.00
JSWSTEEL,EQ,M,2025120,1239.06
JTEKTINDIA,EQ,M,2025120,170.35
JTLIND,EQ,M,2025120,90.04
JUBLCPL,EQ,M,2025120,2054.76
JUBLFOOD,EQ,M,2025120,853.32
JUBLINGREA,EQ,M,2025120,921.84
JUBLPHARMA,EQ,M,2025120,1416.00
JUNIORBEES,EQ,M,2025120,875.69
JUNIPER,EQ,M,2025120,344.70
JUSTDIAL,EQ,M,2025120,1092.06
JWL,EQ,M,2025120,461.22
JYOTHYLAB,EQ,M,2025120,402.72
JYOTICNC,EQ,M,2025120,1354.80
JYOTISTRUC,EQ,M,2025120,22.34
KAJARIACER,EQ,M,2025120,1342.56
KAKATCEM,EQ,M,2025120,194.18
KALAMANDIR,EQ,M,2025120,170.40
KALYANIFRG,EQ,M,2025120,900.72
KAMATHOTEL,EQ,M,2025120,290.58
KAMDHENU,EQ,M,2025120,37.20
KANANIIND,EQ,M,2025120,2.56
KANORICHEM,EQ,M,2025120,113.92
KANSAINER,EQ,M,2025120,292.92
KAPSTON,EQ,M,2025120,286.39
KARURVYSYA,EQ,M,2025120,299.78
KAUSHALYA,EQ,M,2025120,1079.88
KAYNES,EQ,M,2025120,6922.80
KCP,EQ,M,2025120,245.83
KCPSUGIND,EQ,M,2025120,43.67
KDDL,EQ,M,2025120,3195.36
KEC,EQ,M,2025120,1120.86
KECL,EQ,M,2025120,170.95
KEI,EQ,M,2025120,4529.40
KFINTECH,EQ,M,2025120,1588.08
KHADIM,EQ,M,2025120,317.88
KHANDSE,EQ,M,2025120,28.10
KICL,EQ,M,2025120,6091.20
KIMS,EQ,M,2025120,812.10
KINGFA,EQ,M,2025120,3891.96
KIOCL,EQ,M,2025120,351.96
KIRIINDUS,EQ,M,2025120,703.44
KIRLOSBROS,EQ,M,2025120,2562.96
KIRLOSENG,EQ,M,2025120,1041.12
KIRLOSIND,EQ,M,2025120,4680.12
KIRLPNU,EQ,M,2025120,1717.80
KKCL,EQ,M,2025120,600.36
KMEW,EQ,M,2025120,2015.04
KMSUGAR,EQ,M,2025120,34.51
KOHINOOR,EQ,M,2025120,42.85
KOKUYOCMLN,EQ,M,2025120,160.68
KOLTEPATIL,EQ,M,2025120,550.80
KOPRAN,EQ,M,2025120,221.80
KOTAKBANK,EQ,M,2025120,2644.68
KOTARISUG,EQ,M,2025120,45.44
KOTHARIPET,EQ,M,2025120,219.92
KOTHARIPRO,EQ,M,2025120,102.72
KPEL,EQ,M,2025120,610.20
KPIGREEN,EQ,M,2025120,596.58
KPIL,EQ,M,2025120,1471.20
KPITTECH,EQ,M,2025120,1531.08
KPRMILL,EQ,M,2025120,1340.40
KRBL,EQ,M,2025120,427.50
KRIDHANINF,EQ,M,2025120,6.10
KRISHANA,EQ,M,2025120,609.48
KRITIKA,EQ,M,2025120,12.02
KRITINUT,EQ,M,2025120,136.45
KRN,EQ,M,2025120,996.60
KROSS,EQ,M,2025120,237.68
KRSNAA,EQ,M,2025120,842.22
KSB,EQ,M,2025120,965.10
KSCL,EQ,M,2025120,1403.40
KSHITIJPOL,EQ,M,2025120,4.07
KSL,EQ,M,2025120,1123.20
KSOLVES,EQ,M,2025120,408.78
KTKBANK,EQ,M,2025120,249.50
KUANTUM,EQ,M,2025120,137.92
LAGNAM,EQ,M,2025120,127.18
LALPATHLAB,EQ,M,2025120,3299.28
LAMBODHARA,EQ,M,2025120,163.72
LANCORHOL,EQ,M,2025120,26.70
LANDMARK,EQ,M,2025120,658.20
LAOPALA,EQ,M,2025120,304.85
LATENTVIEW,EQ,M,2025120,489.48
LATTEYS,EQ,M,2025120,25.56
LAURUSLABS,EQ,M,2025120,816.42
LAXMICOT,EQ,M,2025120,33.62
LAXMIDENTL,EQ,M,2025120,524.16
LEMONTREE,EQ,M,2025120,165.82
LEXUS,EQ,M,2025120,39.60
LFIC,EQ,M,2025120,260.50
LGBBROSLTD,EQ,M,2025120,1508.76
LGHL,EQ,M,2025120,824.76
LIBAS,EQ,M,2025120,17.00
LICHSGFIN,EQ,M,2025120,746.46
LICI,EQ,M,2025120,1149.00
LICMFGOLD,EQ,M,2025120,10620.78
LICNETFGSC,EQ,M,2025120,34.03
LICNETFN50,EQ,M,2025120,337.78
LICNETFSEN,EQ,M,2025120,1115.08
LICNFNHGP,EQ,M,2025120,334.39
LICNMID100,EQ,M,2025120,70.87
LIKHITHA,EQ,M,2025120,349.38
LINC,EQ,M,2025120,174.82
LINCOLN,EQ,M,2025120,675.48
LINDEINDIA,EQ,M,2025120,7913.40
LIQUID,EQ,M,2025120,1199.99
LIQUID1,EQ,M,2025120,1267.79
LIQUIDADD,EQ,M,2025120,1294.45
LIQUIDBETF,EQ,M,2025120,1243.66
LIQUIDCASE,EQ,M,2025120,131.04
LIQUIDETF,EQ,M,2025120,1199.99
LIQUIDIETF,EQ,M,2025120,1199.99
LIQUIDPLUS,EQ,M,2025120,1246.16
LIQUIDSBI,EQ,M,2025120,1199.99
LIQUIDSHRI,EQ,M,2025120,1270.66
LLOYDSENGG,EQ,M,2025120,77.16
LLOYDSENT,EQ,M,2025120,96.59
LLOYDSME,EQ,M,2025120,1857.60
LMW,EQ,M,2025120,19424.40
LODHA,EQ,M,2025120,1729.68
LORDSCHLO,EQ,M,2025120,185.32
LOTUSEYE,EQ,M,2025120,85.86
LOVABLE,EQ,M,2025120,121.64
LOWVOL,EQ,M,2025120,245.57
LOWVOL1,EQ,M,2025120,24.98
LOWVOLIETF,EQ,M,2025120,26.35
LOYALTEX,EQ,M,2025120,344.34
LPDC,EQ,M,2025120,10.68
LT,EQ,M,2025120,4391.52
LTF,EQ,M,2025120,247.37
LTFOODS,EQ,M,2025120,529.62
LTGILTBEES,EQ,M,2025120,34.62
LTIM,EQ,M,2025120,6447.60
LTTS,EQ,M,2025120,5183.16
LUMAXIND,EQ,M,2025120,3944.64
LUMAXTECH,EQ,M,2025120,1411.92
LUPIN,EQ,M,2025120,2314.44
LUXIND,EQ,M,2025120,1745.52
LXCHEM,EQ,M,2025120,237.40
LYKALABS,EQ,M,2025120,138.31
M&M,EQ,M,2025120,3858.96
M&MFIN,EQ,M,2025120,322.80
MADHAV,EQ,M,2025120,56.92
MADRASFERT,EQ,M,2025120,110.98
MAFANG,EQ,M,2025120,164.24
MAGADSUGAR,EQ,M,2025120,797.70
MAGNUM,EQ,M,2025120,30.58
MAHABANK,EQ,M,2025120,64.61
MAHAPEXLTD,EQ,M,2025120,136.64
MAHEPC,EQ,M,2025120,173.29
MAHESHWARI,EQ,M,2025120,69.50
MAHKTECH,EQ,M,2025120,26.34
MAHLIFE,EQ,M,2025120,433.44
MAHLOG,EQ,M,2025120,404.82
MAHSCOOTER,EQ,M,2025120,17031.60
MAITHANALL,EQ,M,2025120,1474.92
MAKEINDIA,EQ,M,2025120,175.28
MALLCOM,EQ,M,2025120,1541.76
MALUPAPER,EQ,M,2025120,49.51
MAMATA,EQ,M,2025120,492.24
MANAKALUCO,EQ,M,2025120,30.96
MANAKCOAT,EQ,M,2025120,155.40
MANAKSIA,EQ,M,2025120,88.72
MANALIPETC,EQ,M,2025120,83.63
MANAPPURAM,EQ,M,2025120,328.91
MANBA,EQ,M,2025120,182.82
MANCREDIT,EQ,M,2025120,238.98
MANGALAM,EQ,M,2025120,95.00
MANGCHEFER,EQ,M,2025120,322.68
MANGLMCEM,EQ,M,2025120,884.94
MANINDS,EQ,M,2025120,488.22
MANKIND,EQ,M,2025120,2764.20
MANOMAY,EQ,M,2025120,199.48
MANORAMA,EQ,M,2025120,1704.72
MANYAVAR,EQ,M,2025120,961.86
MAPMYINDIA,EQ,M,2025120,2122.44
MARALOVER,EQ,M,2025120,88.79
MARATHON,EQ,M,2025120,760.68
MARICO,EQ,M,2025120,871.50
MARKSANS,EQ,M,2025120,296.46
MARUTI,EQ,M,2025120,15258.00
MASFIN,EQ,M,2025120,370.74
MASPTOP50,EQ,M,2025120,65.60
MASTEK,EQ,M,2025120,2945.04
MASTERTR,EQ,M,2025120,178.61
MATRIMONY,EQ,M,2025120,646.08
MAWANASUG,EQ,M,2025120,122.80
MAXESTATES,EQ,M,2025120,605.82
MAXHEALTH,EQ,M,2025120,1519.80
MAXIND,EQ,M,2025120,227.66
MAYURUNIQ,EQ,M,2025120,666.96
MAZDA,EQ,M,2025120,295.26
MAZDOCK,EQ,M,2025120,3746.28
MBAPL,EQ,M,2025120,525.00
MBLINFRA,EQ,M,2025120,53.06
MCL,EQ,M,2025120,67.04
MCLEODRUSS,EQ,M,2025120,40.99
MCLOUD,EQ,M,2025120,87.12
MCX,EQ,M,2025120,10606.20
MEDANTA,EQ,M,2025120,1359.96
MEDIASSIST,EQ,M,2025120,599.04
MEDICAMEQ,EQ,M,2025120,506.10
MEDICO,EQ,M,2025120,58.80
MEDPLUS,EQ,M,2025120,1083.60
MEGASTAR,EQ,M,2025120,331.92
MENONBE,EQ,M,2025120,149.41
METAL,EQ,M,2025120,11.47
METALIETF,EQ,M,2025120,11.45
METROBRAND,EQ,M,2025120,1364.16
METROPOLIS,EQ,M,2025120,2030.88
MFSL,EQ,M,2025120,1961.16
MGEL,EQ,M,2025120,17.95
MGL,EQ,M,2025120,1736.64
MHLXMIRU,EQ,M,2025120,264.78
MHRIL,EQ,M,2025120,409.02
MICEL,EQ,M,2025120,64.63
MID150,EQ,M,2025120,26.34
MID150BEES,EQ,M,2025120,268.69
MID150CASE,EQ,M,2025120,12.95
MIDCAP,EQ,M,2025120,204.11
MIDCAPETF,EQ,M,2025120,26.47
MIDCAPIETF,EQ,M,2025120,26.87
MIDHANI,EQ,M,2025120,521.34
MIDQ50ADD,EQ,M,2025120,303.49
MIDSELIETF,EQ,M,2025120,21.25
MIDSMALL,EQ,M,2025120,61.13
MINDACORP,EQ,M,2025120,614.46
MINDTECK,EQ,M,2025120,291.66
MIRZAINT,EQ,M,2025120,36.95
MITCON,EQ,M,2025120,101.04
MITTAL,EQ,M,2025120,1.78
MMFL,EQ,M,2025120,451.44
MMP,EQ,M,2025120,321.42
MMTC,EQ,M,2025120,85.42
MNC,EQ,M,2025120,34.96
MOBIKWIK,EQ,M,2025120,314.94
MOCAPITAL,EQ,M,2025120,56.17
MODEFENCE,EQ,M,2025120,114.56
MODISONLTD,EQ,M,2025120,209.86
MODTHREAD,EQ,M,2025120,53.58
MOGSEC,EQ,M,2025120,73.92
MOHEALTH,EQ,M,2025120,52.87
MOHITIND,EQ,M,2025120,35.08
MOIL,EQ,M,2025120,464.64
MOINFRA,EQ,M,2025120,72.96
MOKSH,EQ,M,2025120,17.68
MOL,EQ,M,2025120,115.90
MOLDTECH,EQ,M,2025120,200.22
MOLDTKPAC,EQ,M,2025120,826.38
MOLOWVOL,EQ,M,2025120,45.74
MOM100,EQ,M,2025120,76.34
MOM30IETF,EQ,M,2025120,38.92
MOM50,EQ,M,2025120,315.32
MOMENTUM,EQ,M,2025120,38.76
MOMENTUM50,EQ,M,2025120,66.08
MOMGF,EQ,M,2025120,171.52
MOMOMENTUM,EQ,M,2025120,77.60
MON100,EQ,M,2025120,224.66
MON50EQUAL,EQ,M,2025120,38.39
MONARCH,EQ,M,2025120,392.58
MONEXT50,EQ,M,2025120,80.90
MONIFTY500,EQ,M,2025120,28.43
MONQ50,EQ,M,2025120,89.82
MONTECARLO,EQ,M,2025120,733.38
MOPSE,EQ,M,2025120,120.02
MOQUALITY,EQ,M,2025120,236.22
MOREALTY,EQ,M,2025120,121.15
MOREPENLAB,EQ,M,2025120,74.77
MOSCHIP,EQ,M,2025120,217.72
MOSMALL250,EQ,M,2025120,21.05
MOTHERSON,EQ,M,2025120,185.27
MOTISONS,EQ,M,2025120,23.98
MOTOGENFIN,EQ,M,2025120,31.80
MOTOUR,EQ,M,2025120,110.81
MOVALUE,EQ,M,2025120,124.86
MPHASIS,EQ,M,2025120,3363.00
MPSLTD,EQ,M,2025120,3231.12
MRF,EQ,M,2025120,171018.01
MRPL,EQ,M,2025120,171.32
MSCIINDIA,EQ,M,2025120,36.35
MSTCLTD,EQ,M,2025120,621.30
MSUMI,EQ,M,2025120,72.14
MTARTECH,EQ,M,2025120,1939.80
MTNL,EQ,M,2025120,63.84
MUFIN,EQ,M,2025120,87.65
MUFTI,EQ,M,2025120,196.81
MUKANDLTD,EQ,M,2025120,167.51
MUKKA,EQ,M,2025120,36.10
MUKTAARTS,EQ,M,2025120,100.61
MULTICAP,EQ,M,2025120,19.72
MUNJALAU,EQ,M,2025120,88.54
MUNJALSHOW,EQ,M,2025120,154.84
MURUDCERA,EQ,M,2025120,51.54
MUTHOOTCAP,EQ,M,2025120,389.46
MUTHOOTMF,EQ,M,2025120,168.90
MVGJL,EQ,M,2025120,289.38
NAGREEKEXP,EQ,M,2025120,34.56
NAHARCAP,EQ,M,2025120,395.34
NAHARSPING,EQ,M,2025120,335.22
NAM-INDIA,EQ,M,2025120,954.42
NARMADA,EQ,M,2025120,22.74
NATCAPSUQ,EQ,M,2025120,262.27
NATCOPHARM,EQ,M,2025120,1045.44
NATHBIOGEN,EQ,M,2025120,251.00
NATIONALUM,EQ,M,2025120,232.31
NAUKRI,EQ,M,2025120,1819.68
NAVA,EQ,M,2025120,710.28
NAVINFLUOR,EQ,M,2025120,5621.28
NAVNETEDUL,EQ,M,2025120,170.18
NAZARA,EQ,M,2025120,1583.88
NBCC,EQ,M,2025120,148.69
NBIFIN,EQ,M,2025120,3577.20
NCC,EQ,M,2025120,277.16
NDGL,EQ,M,2025120,5090.40
NDL,EQ,M,2025120,4.54
NDRAUTO,EQ,M,2025120,1159.80
NECCLTD,EQ,M,2025120,29.53
NECLIFE,EQ,M,2025120,27.07
NELCAST,EQ,M,2025120,177.79
NELCO,EQ,M,2025120,1245.42
NEOGEN,EQ,M,2025120,1958.64
NESCO,EQ,M,2025120,1343.76
NESTLEIND,EQ,M,2025120,2917.68
NETF,EQ,M,2025120,328.30
NETWEB,EQ,M,2025120,2198.52
NETWORK18,EQ,M,2025120,71.45
NEULANDLAB,EQ,M,2025120,14354.40
NEWGEN,EQ,M,2025120,1414.80
NEXT30ADD,EQ,M,2025120,46.60
NEXT50,EQ,M,2025120,835.63
NEXT50IETF,EQ,M,2025120,85.69
NEXTMEDIA,EQ,M,2025120,8.30
NFL,EQ,M,2025120,120.52
NGIL,EQ,M,2025120,34.85
NH,EQ,M,2025120,2487.84
NHPC,EQ,M,2025120,102.46
NIACL,EQ,M,2025120,222.76
NIBE,EQ,M,2025120,2035.32
NIF100BEES,EQ,M,2025120,328.85
NIF100IETF,EQ,M,2025120,34.63
NIF10GETF,EQ,M,2025120,31.27
NIF5GETF,EQ,M,2025120,75.32
NIFITETF,EQ,M,2025120,479.05
NIFMID150,EQ,M,2025120,261.80
NIFTY1,EQ,M,2025120,334.61
NIFTY100EW,EQ,M,2025120,39.65
NIFTY50ADD,EQ,M,2025120,317.58
NIFTYBEES,EQ,M,2025120,343.67
NIFTYBETF,EQ,M,2025120,310.38
NIFTYETF,EQ,M,2025120,328.40
NIFTYIETF,EQ,M,2025120,342.10
NIFTYQLITY,EQ,M,2025120,25.93
NIITLTD,EQ,M,2025120,157.80
NIITMTS,EQ,M,2025120,404.64
NILAINFRA,EQ,M,2025120,15.04
NILASPACES,EQ,M,2025120,14.48
NILKAMAL,EQ,M,2025120,2085.36
NINSYS,EQ,M,2025120,564.18
NIPPOBATRY,EQ,M,2025120,580.80
NIRAJ,EQ,M,2025120,67.03
NIRAJISPAT,EQ,M,2025120,473.40
NITCO,EQ,M,2025120,162.31
NITINSPIN,EQ,M,2025120,477.60
NITIRAJ,EQ,M,2025120,246.18
NIVABUPA,EQ,M,2025120,98.38
NLCINDIA,EQ,M,2025120,274.42
NMDC,EQ,M,2025120,84.66
NOCIL,EQ,M,2025120,225.17
NOVAAGRI,EQ,M,2025120,59.66
NPBET,EQ,M,2025120,349.46
NPST,EQ,M,2025120,2320.08
NRBBEARING,EQ,M,2025120,352.08
NSIL,EQ,M,2025120,8276.40
NSLNISP,EQ,M,2025120,49.19
NTPC,EQ,M,2025120,404.58
NTPCGREEN,EQ,M,2025120,128.10
NUCLEUS,EQ,M,2025120,1422.00
NUVAMA,EQ,M,2025120,9481.20
NUVOCO,EQ,M,2025120,422.58
NV20,EQ,M,2025120,180.06
NV20BEES,EQ,M,2025120,180.82
NV20IETF,EQ,M,2025120,17.59
NYKAA,EQ,M,2025120,248.22
OAL,EQ,M,2025120,467.40
OBCL,EQ,M,2025120,66.08
OBEROIRLTY,EQ,M,2025120,2378.76
OFSS,EQ,M,2025120,10889.40
OIL,EQ,M,2025120,530.76
OILCOUNTUB,EQ,M,2025120,117.30
OILIETF,EQ,M,2025120,14.12
OLECTRA,EQ,M,2025120,1426.56
OMAXAUTO,EQ,M,2025120,105.68
OMAXE,EQ,M,2025120,123.44
OMINFRAL,EQ,M,2025120,160.99
ONELIFECAP,EQ,M,2025120,17.18
ONESOURCE,EQ,M,2025120,2403.36
ONGC,EQ,M,2025120,293.66
ONMOBILE,EQ,M,2025120,65.41
ONWARDTEC,EQ,M,2025120,444.96
OPTIEMUS,EQ,M,2025120,765.24
ORBTEXP,EQ,M,2025120,257.24
ORCHPHARMA,EQ,M,2025120,844.14
ORICONENT,EQ,M,2025120,54.02
ORIENTBELL,EQ,M,2025120,376.09
ORIENTCEM,EQ,M,2025120,285.60
ORIENTCER,EQ,M,2025120,42.85
ORIENTELEC,EQ,M,2025120,266.84
ORIENTHOT,EQ,M,2025120,181.28
ORIENTLTD,EQ,M,2025120,114.59
ORIENTPPR,EQ,M,2025120,34.66
ORIENTTECH,EQ,M,2025120,401.28
ORISSAMINE,EQ,M,2025120,5983.80
OSWALAGRO,EQ,M,2025120,108.07
OSWALGREEN,EQ,M,2025120,55.52
OSWALPUMPS,EQ,M,2025120,812.64
OSWALSEEDS,EQ,M,2025120,17.09
PAISALO,EQ,M,2025120,37.72
PAKKA,EQ,M,2025120,257.63
PALASHSECU,EQ,M,2025120,156.14
PANACEABIO,EQ,M,2025120,489.90
PANAMAPET,EQ,M,2025120,426.54
PARACABLES,EQ,M,2025120,68.08
PARADEEP,EQ,M,2025120,192.66
PARAGMILK,EQ,M,2025120,269.40
PARAS,EQ,M,2025120,1935.96
PARASPETRO,EQ,M,2025120,3.05
PARKHOTELS,EQ,M,2025120,197.51
PARSVNATH,EQ,M,2025120,23.16
PASUPTAC,EQ,M,2025120,61.76
PATANJALI,EQ,M,2025120,1982.76
PATELENG,EQ,M,2025120,49.14
PATINTLOG,EQ,M,2025120,18.71
PAVNAIND,EQ,M,2025120,493.62
PAYTM,EQ,M,2025120,1098.96
PCJEWELLER,EQ,M,2025120,14.65
PDSL,EQ,M,2025120,484.80
PEARLPOLY,EQ,M,2025120,37.36
PEL,EQ,M,2025120,1379.64
PENIND,EQ,M,2025120,279.56
PERSISTENT,EQ,M,2025120,7266.60
PETRONET,EQ,M,2025120,359.76
PFC,EQ,M,2025120,504.30
PFIZER,EQ,M,2025120,6813.00
PFOCUS,EQ,M,2025120,136.84
PFS,EQ,M,2025120,51.49
PGEL,EQ,M,2025120,904.02
PGHH,EQ,M,2025120,16105.20
PGHL,EQ,M,2025120,7027.20
PGIL,EQ,M,2025120,1783.32
PHARMABEES,EQ,M,2025120,26.68
PIDILITIND,EQ,M,2025120,3624.00
PIIND,EQ,M,2025120,4966.08
PILANIINVS,EQ,M,2025120,6309.72
PIONEEREMB,EQ,M,2025120,51.92
PITTIENG,EQ,M,2025120,1162.26
PLASTIBLEN,EQ,M,2025120,252.54
PLATIND,EQ,M,2025120,333.36
PLAZACABLE,EQ,M,2025120,72.62
PNB,EQ,M,2025120,127.50
PNBGILTS,EQ,M,2025120,118.76
PNBHOUSING,EQ,M,2025120,1332.24
PNCINFRA,EQ,M,2025120,363.96
PNGJL,EQ,M,2025120,694.92
POCL,EQ,M,2025120,963.48
PODDARMENT,EQ,M,2025120,389.10
POKARNA,EQ,M,2025120,1264.56
POLICYBZR,EQ,M,2025120,2200.92
POLYCAB,EQ,M,2025120,7762.20
POLYMED,EQ,M,2025120,2626.56
POLYPLEX,EQ,M,2025120,1476.36
PONNIERODE,EQ,M,2025120,399.72
POWERGRID,EQ,M,2025120,352.20
POWERINDIA,EQ,M,2025120,23328.00
PPL,EQ,M,2025120,484.20
PPLPHARMA,EQ,M,2025120,241.19
PRAENG,EQ,M,2025120,27.68
PRAJIND,EQ,M,2025120,606.48
PRAKASH,EQ,M,2025120,197.10
PRAKASHSTL,EQ,M,2025120,7.50
PRECOT,EQ,M,2025120,647.82
PRECWIRE,EQ,M,2025120,220.46
PREMEXPLN,EQ,M,2025120,702.12
PREMIERENE,EQ,M,2025120,1252.68
PREMIERPOL,EQ,M,2025120,61.96
PRESTIGE,EQ,M,2025120,2038.80
PRICOLLTD,EQ,M,2025120,534.00
PRIMESECU,EQ,M,2025120,299.95
PRIMO,EQ,M,2025120,31.26
PRINCEPIPE,EQ,M,2025120,426.36
PRITI,EQ,M,2025120,112.00
PRITIKAUTO,EQ,M,2025120,21.77
PRIVISCL,EQ,M,2025120,2742.60
PROTEAN,EQ,M,2025120,1029.00
PROZONER,EQ,M,2025120,43.21
PRSMJOHNSN,EQ,M,2025120,183.17
PRUDENT,EQ,M,2025120,3213.12
PRUDMOULI,EQ,M,2025120,47.38
PSB,EQ,M,2025120,36.44
PSPPROJECT,EQ,M,2025120,907.44
PSUBANK,EQ,M,2025120,838.82
PSUBANKADD,EQ,M,2025120,84.24
PSUBNKBEES,EQ,M,2025120,93.56
PSUBNKIETF,EQ,M,2025120,84.88
PTC,EQ,M,2025120,211.48
PTCIL,EQ,M,2025120,17811.60
PTL,EQ,M,2025120,51.97
PUNJABCHEM,EQ,M,2025120,1493.76
PURVA,EQ,M,2025120,350.70
PVP,EQ,M,2025120,27.78
PVRINOX,EQ,M,2025120,1158.24
PVTBANIETF,EQ,M,2025120,34.09
PVTBANKADD,EQ,M,2025120,34.27
PYRAMID,EQ,M,2025120,220.91
QGOLDHALF,EQ,M,2025120,97.09
QNIFTY,EQ,M,2025120,3330.34
QUADFUTURE,EQ,M,2025120,584.16
QUAL30IETF,EQ,M,2025120,25.67
QUESS,EQ,M,2025120,359.94
QUICKHEAL,EQ,M,2025120,425.16
RACE,EQ,M,2025120,302.82
RACLGEAR,EQ,M,2025120,1091.58
RADHIKAJWE,EQ,M,2025120,102.24
RADIANTCMS,EQ,M,2025120,74.98
RADICO,EQ,M,2025120,3207.72
RADIOCITY,EQ,M,2025120,10.80
RAILTEL,EQ,M,2025120,508.56
RAIN,EQ,M,2025120,176.20
RAINBOW,EQ,M,2025120,1810.80
RAJESHEXPO,EQ,M,2025120,243.96
RAJOOENG,EQ,M,2025120,139.00
RAJRATAN,EQ,M,2025120,492.60
RAJSREESUG,EQ,M,2025120,58.98
RALLIS,EQ,M,2025120,394.02
RAMAPHO,EQ,M,2025120,154.10
RAMASTEEL,EQ,M,2025120,14.54
RAMCOIND,EQ,M,2025120,334.26
RAMKY,EQ,M,2025120,646.86
RAMRAT,EQ,M,2025120,839.34
RANASUG,EQ,M,2025120,19.45
RANEHOLDIN,EQ,M,2025120,1886.04
RATEGAIN,EQ,M,2025120,528.48
RATNAMANI,EQ,M,2025120,3384.48
RATNAVEER,EQ,M,2025120,196.01
RAYMOND,EQ,M,2025120,718.62
RAYMONDLSL,EQ,M,2025120,1384.56
RBA,EQ,M,2025120,98.33
RBLBANK,EQ,M,2025120,284.89
RBZJEWEL,EQ,M,2025120,175.03
RCF,EQ,M,2025120,188.39
RECLTD,EQ,M,2025120,484.26
REDINGTON,EQ,M,2025120,356.28
REDTAPE,EQ,M,2025120,153.46
REFEX,EQ,M,2025120,554.58
RELAXO,EQ,M,2025120,509.52
RELCHEMQ,EQ,M,2025120,217.80
RELIABLE,EQ,M,2025120,90.12
RELIANCE,EQ,M,2025120,1794.36
RELIGARE,EQ,M,2025120,268.98
REMSONSIND,EQ,M,2025120,172.88
RENUKA,EQ,M,2025120,39.60
REPCOHOME,EQ,M,2025120,532.98
REPL,EQ,M,2025120,214.30
REPRO,EQ,M,2025120,621.78
RESPONIND,EQ,M,2025120,255.66
RETAIL,EQ,M,2025120,43.26
RGL,EQ,M,2025120,145.12
RHIM,EQ,M,2025120,573.42
RHL,EQ,M,2025120,313.45
RICOAUTO,EQ,M,2025120,91.03
RIIL,EQ,M,2025120,1160.16
RISHABH,EQ,M,2025120,341.04
RITCO,EQ,M,2025120,334.80
RITES,EQ,M,2025120,334.74
RKDL,EQ,M,2025120,36.83
RKEC,EQ,M,2025120,92.92
RKFORGE,EQ,M,2025120,816.48
RKSWAMY,EQ,M,2025120,230.65
RML,EQ,M,2025120,1037.46
ROHLTD,EQ,M,2025120,462.90
ROLEXRINGS,EQ,M,2025120,1880.64
ROML,EQ,M,2025120,67.81
ROSSARI,EQ,M,2025120,814.50
ROSSELLIND,EQ,M,2025120,83.87
ROTO,EQ,M,2025120,344.76
ROUTE,EQ,M,2025120,1192.62
RPEL,EQ,M,2025120,843.06
RPGLIFE,EQ,M,2025120,2913.60
RPPL,EQ,M,2025120,33.13
RPSGVENT,EQ,M,2025120,1098.96
RPTECH,EQ,M,2025120,362.52
RRKABEL,EQ,M,2025120,1613.88
RSWM,EQ,M,2025120,206.20
RSYSTEMS,EQ,M,2025120,549.00
RTNINDIA,EQ,M,2025120,72.65
RTNPOWER,EQ,M,2025120,16.92
RUBFILA,EQ,M,2025120,100.98
RUBYMILLS,EQ,M,2025120,282.68
RUCHIRA,EQ,M,2025120,166.99
RUPA,EQ,M,2025120,259.60
RUSHIL,EQ,M,2025120,34.70
RUSTOMJEE,EQ,M,2025120,685.56
RVHL,EQ,M,2025120,60.28
RVNL,EQ,M,2025120,479.46
SABTNL,EQ,M,2025120,1048.92
SADBHIN,EQ,M,2025120,6.14
SAFARI,EQ,M,2025120,2558.28
SAGARDEEP,EQ,M,2025120,38.65
SAGCEM,EQ,M,2025120,283.66
SAHYADRI,EQ,M,2025120,378.12
SAIL,EQ,M,2025120,160.34
SAILIFE,EQ,M,2025120,898.56
SAKAR,EQ,M,2025120,439.20
SAKHTISUG,EQ,M,2025120,29.92
SAKSOFT,EQ,M,2025120,243.60
SALASAR,EQ,M,2025120,9.32
SALONA,EQ,M,2025120,303.42
SALSTEEL,EQ,M,2025120,20.64
SALZERELEC,EQ,M,2025120,1089.42
SAMBHAAV,EQ,M,2025120,8.54
SAMHI,EQ,M,2025120,266.32
SAMMAANCAP,EQ,M,2025120,172.04
SAMPANN,EQ,M,2025120,33.70
SANATHAN,EQ,M,2025120,536.46
SANDESH,EQ,M,2025120,1388.88
SANDHAR,EQ,M,2025120,655.20
SANDUMA,EQ,M,2025120,580.14
SANGAMIND,EQ,M,2025120,528.90
SANGHIIND,EQ,M,2025120,75.68
SANGHVIMOV,EQ,M,2025120,341.46
SANGINITA,EQ,M,2025120,12.05
SANOFI,EQ,M,2025120,7407.60
SANOFICONR,EQ,M,2025120,6014.40
SANSERA,EQ,M,2025120,1647.48
SANSTAR,EQ,M,2025120,112.32
SAPPHIRE,EQ,M,2025120,393.60
SARDAEN,EQ,M,2025120,534.12
SAREGAMA,EQ,M,2025120,601.02
SARVESHWAR,EQ,M,2025120,8.54
SASKEN,EQ,M,2025120,1730.52
SASTASUNDR,EQ,M,2025120,369.42
SATIA,EQ,M,2025120,104.76
SATIN,EQ,M,2025120,191.66
SAURASHCEM,EQ,M,2025120,104.93
SBC,EQ,M,2025120,17.53
SBCL,EQ,M,2025120,631.74
SBFC,EQ,M,2025120,125.09
SBIBPB,EQ,M,2025120,48.74
SBICARD,EQ,M,2025120,1170.36
SBIETFCON,EQ,M,2025120,145.57
SBIETFIT,EQ,M,2025120,508.31
SBIETFPB,EQ,M,2025120,344.98
SBIETFQLTY,EQ,M,2025120,269.87
SBILIFE,EQ,M,2025120,2232.96
SBIN,EQ,M,2025120,956.46
SBINEQWETF,EQ,M,2025120,38.57
SBISILVER,EQ,M,2025120,128.32
SCHAEFFLER,EQ,M,2025120,4668.24
SCHAND,EQ,M,2025120,286.72
SCILAL,EQ,M,2025120,64.99
SCODATUBES,EQ,M,2025120,234.36
SCPL,EQ,M,2025120,374.82
SDBL,EQ,M,2025120,202.79
SDL26BEES,EQ,M,2025120,157.45
SEAMECLTD,EQ,M,2025120,989.94
SELAN,EQ,M,2025120,820.68
SELECTIPO,EQ,M,2025120,58.68
SENCO,EQ,M,2025120,422.52
SENORES,EQ,M,2025120,687.66
SENSEXADD,EQ,M,2025120,102.02
SENSEXETF,EQ,M,2025120,102.22
SENSEXIETF,EQ,M,2025120,1137.38
SEPC,EQ,M,2025120,16.46
SEQUENT,EQ,M,2025120,227.09
SERVOTECH,EQ,M,2025120,177.07
SESHAPAPER,EQ,M,2025120,363.60
SETF10GILT,EQ,M,2025120,310.32
SETFGOLD,EQ,M,2025120,100.38
SETFNIF50,EQ,M,2025120,324.80
SETFNIFBK,EQ,M,2025120,697.93
SETFNN50,EQ,M,2025120,866.87
SFL,EQ,M,2025120,893.28
SGIL,EQ,M,2025120,628.02
SHAHALLOYS,EQ,M,2025120,73.31
SHAILY,EQ,M,2025120,1988.88
SHAKTIPUMP,EQ,M,2025120,1141.32
SHALBY,EQ,M,2025120,219.52
SHALPAINTS,EQ,M,2025120,116.45
SHANKARA,EQ,M,2025120,1198.98
SHANTIGEAR,EQ,M,2025120,593.88
SHARDACROP,EQ,M,2025120,927.18
SHARDAMOTR,EQ,M,2025120,2227.44
SHAREINDIA,EQ,M,2025120,218.20
SHARIABEES,EQ,M,2025120,615.49
SHIVALIK,EQ,M,2025120,653.34
SHIVAMAUTO,EQ,M,2025120,38.60
SHIVAMILLS,EQ,M,2025120,94.94
SHIVATEX,EQ,M,2025120,246.13
SHK,EQ,M,2025120,282.60
SHOPERSTOP,EQ,M,2025120,604.44
SHRADHA,EQ,M,2025120,91.04
SHREDIGCEM,EQ,M,2025120,94.04
SHREEPUSHK,EQ,M,2025120,372.60
SHREERAMA,EQ,M,2025120,50.47
SHRENIK,EQ,M,2025120,0.70
SHRIPISTON,EQ,M,2025120,2883.84
SHRIRAMFIN,EQ,M,2025120,843.84
SHRIRAMPPS,EQ,M,2025120,118.54
SHYAMMETL,EQ,M,2025120,1036.80
SHYAMTEL,EQ,M,2025120,18.41
SIEMENS,EQ,M,2025120,3797.88
SIGACHI,EQ,M,2025120,67.24
SIGNATURE,EQ,M,2025120,1504.80
SIGNPOST,EQ,M,2025120,236.04
SIKKO,EQ,M,2025120,95.08
SIL,EQ,M,2025120,23.46
SILINV,EQ,M,2025120,726.06
SILLYMONKS,EQ,M,2025120,18.71
SILVER,EQ,M,2025120,129.62
SILVER1,EQ,M,2025120,126.08
SILVER360,EQ,M,2025120,128.40
SILVERADD,EQ,M,2025120,125.39
SILVERBEES,EQ,M,2025120,124.72
SILVERCASE,EQ,M,2025120,13.18
SILVERETF,EQ,M,2025120,126.14
SILVERIETF,EQ,M,2025120,129.64
SILVERTUC,EQ,M,2025120,842.22
SILVRETF,EQ,M,2025120,126.97
SIMPLEXINF,EQ,M,2025120,329.46
SINCLAIR,EQ,M,2025120,106.99
SINTERCOM,EQ,M,2025120,153.20
SIRCA,EQ,M,2025120,457.62
SIS,EQ,M,2025120,443.58
SITAL,EQ,M,2025120,89.40
SIYSIL,EQ,M,2025120,839.58
SJS,EQ,M,2025120,1526.04
SJVN,EQ,M,2025120,120.00
SKFINDIA,EQ,M,2025120,5661.24
SKIPPER,EQ,M,2025120,592.32
SKYGOLD,EQ,M,2025120,392.76
SMALLCAP,EQ,M,2025120,57.70
SMARTLINK,EQ,M,2025120,188.69
SMCGLOBAL,EQ,M,2025120,182.00
SMLISUZU,EQ,M,2025120,2247.36
SMLT,EQ,M,2025120,147.67
SMSLIFE,EQ,M,2025120,1413.36
SMSPHARMA,EQ,M,2025120,297.24
SNOWMAN,EQ,M,2025120,73.90
SNXT30BEES,EQ,M,2025120,46.99
SOBHA,EQ,M,2025120,1770.72
SOFTTECH,EQ,M,2025120,452.16
SOLARA,EQ,M,2025120,744.72
SOLARINDS,EQ,M,2025120,20719.20
SOMANYCERA,EQ,M,2025120,659.58
SOMATEX,EQ,M,2025120,52.15
SOMICONVEY,EQ,M,2025120,193.51
SONACOMS,EQ,M,2025120,576.96
SONAMLTD,EQ,M,2025120,59.94
SOTL,EQ,M,2025120,500.94
SOUTHBANK,EQ,M,2025120,35.86
SPAL,EQ,M,2025120,1020.12
SPANDANA,EQ,M,2025120,336.30
SPARC,EQ,M,2025120,191.48
SPECIALITY,EQ,M,2025120,153.12
SPECTRUM,EQ,M,2025120,1957.92
SPENCERS,EQ,M,2025120,76.43
SPIC,EQ,M,2025120,106.80
SPLPETRO,EQ,M,2025120,1047.42
SPMLINFRA,EQ,M,2025120,299.80
SPORTKING,EQ,M,2025120,138.14
SRD,EQ,M,2025120,96.37
SREEL,EQ,M,2025120,296.76
SRGHFL,EQ,M,2025120,372.90
SRHHYPOLTD,EQ,M,2025120,791.64
SRM,EQ,M,2025120,592.68
SSDL,EQ,M,2025120,117.13
SSWL,EQ,M,2025120,327.58
STANLEY,EQ,M,2025120,415.20
STAR,EQ,M,2025120,1064.70
STARCEMENT,EQ,M,2025120,255.68
STARHEALTH,EQ,M,2025120,508.32
STARPAPER,EQ,M,2025120,210.59
STARTECK,EQ,M,2025120,356.28
STEELCAS,EQ,M,2025120,1322.04
STEELCITY,EQ,M,2025120,131.05
STEELXIND,EQ,M,2025120,10.81
STEL,EQ,M,2025120,494.94
STERTOOLS,EQ,M,2025120,441.24
STLTECH,EQ,M,2025120,123.60
STOVEKRAFT,EQ,M,2025120,701.64
STYLAMIND,EQ,M,2025120,1946.16
STYLEBAAZA,EQ,M,2025120,345.30
STYRENIX,EQ,M,2025120,3875.76
SUDARSCHEM,EQ,M,2025120,1449.48
SUKHJITS,EQ,M,2025120,218.88
SULA,EQ,M,2025120,366.00
SUMICHEM,EQ,M,2025120,618.54
SUMIT,EQ,M,2025120,115.39
SUMMITSEC,EQ,M,2025120,2513.28
SUNCLAY,EQ,M,2025120,2496.36
SUNDARAM,EQ,M,2025120,2.53
SUNDARMFIN,EQ,M,2025120,5840.40
SUNDRMBRAK,EQ,M,2025120,961.38
SUNDRMFAST,EQ,M,2025120,1201.32
SUNDROP,EQ,M,2025120,1016.22
SUNFLAG,EQ,M,2025120,363.30
SUNPHARMA,EQ,M,2025120,2003.76
SUNTECK,EQ,M,2025120,530.52
SUNTV,EQ,M,2025120,707.82
SUPERHOUSE,EQ,M,2025120,204.42
SUPERSPIN,EQ,M,2025120,13.08
SUPRAJIT,EQ,M,2025120,554.58
SUPREME,EQ,M,2025120,110.00
SUPREMEIND,EQ,M,2025120,5249.40
SUPRIYA,EQ,M,2025120,816.66
SURAJEST,EQ,M,2025120,441.42
SURAJLTD,EQ,M,2025120,470.16
SURAKSHA,EQ,M,2025120,401.46
SURANASOL,EQ,M,2025120,42.14
SURANAT&P,EQ,M,2025120,23.34
SURYALAXMI,EQ,M,2025120,87.91
SURYAROSNI,EQ,M,2025120,405.78
SURYODAY,EQ,M,2025120,164.76
SUZLON,EQ,M,2025120,77.44
SWANENERGY,EQ,M,2025120,537.78
SWARAJENG,EQ,M,2025120,5022.96
SWSOLAR,EQ,M,2025120,375.48
SYMPHONY,EQ,M,2025120,1296.48
SYNGENE,EQ,M,2025120,774.84
SYRMA,EQ,M,2025120,647.22
TAINWALCHM,EQ,M,2025120,265.79
TAJGVK,EQ,M,2025120,491.88
TALBROAUTO,EQ,M,2025120,347.70
TANLA,EQ,M,2025120,774.54
TARIL,EQ,M,2025120,584.22
TARMAT,EQ,M,2025120,64.97
TARSONS,EQ,M,2025120,460.02
TASTYBITE,EQ,M,2025120,13246.80
TATACHEM,EQ,M,2025120,1122.30
TATACOMM,EQ,M,2025120,2007.60
TATACONSUM,EQ,M,2025120,1374.48
TATAELXSI,EQ,M,2025120,7529.40
TATAGOLD,EQ,M,2025120,11.42
TATAINVEST,EQ,M,2025120,8143.80
TATAMOTORS,EQ,M,2025120,819.30
TATAPOWER,EQ,M,2025120,486.78
TATATECH,EQ,M,2025120,844.26
TATSILV,EQ,M,2025120,12.61
TATVA,EQ,M,2025120,1108.68
TBOTEK,EQ,M,2025120,1586.40
TBZ,EQ,M,2025120,224.28
TCI,EQ,M,2025120,1353.00
TCIEXP,EQ,M,2025120,913.92
TCPLPACK,EQ,M,2025120,4450.68
TCS,EQ,M,2025120,4130.16
TDPOWERSYS,EQ,M,2025120,648.18
TEAMLEASE,EQ,M,2025120,2411.76
TECH,EQ,M,2025120,49.60
TECHNOE,EQ,M,2025120,1835.88
TEGA,EQ,M,2025120,1770.60
TEJASNET,EQ,M,2025120,861.84
TEXINFRA,EQ,M,2025120,124.98
TEXMOPIPES,EQ,M,2025120,77.72
TEXRAIL,EQ,M,2025120,214.30
TFCILTD,EQ,M,2025120,277.04
TGBHOTELS,EQ,M,2025120,14.89
THANGAMAYL,EQ,M,2025120,2260.80
THEINVEST,EQ,M,2025120,182.82
THEJO,EQ,M,2025120,2205.96
THELEELA,EQ,M,2025120,483.12
THEMISMED,EQ,M,2025120,158.00
THERMAX,EQ,M,2025120,4155.60
THOMASCOOK,EQ,M,2025120,197.80
THYROCARE,EQ,M,2025120,1203.24
TI,EQ,M,2025120,424.68
TIIL,EQ,M,2025120,3611.64
TIINDIA,EQ,M,2025120,3606.36
TIMESGTY,EQ,M,2025120,213.96
TIMETECHNO,EQ,M,2025120,547.86
TIMKEN,EQ,M,2025120,4000.68
TIPSFILMS,EQ,M,2025120,682.62
TIPSMUSIC,EQ,M,2025120,805.32
TIRUMALCHM,EQ,M,2025120,341.14
TITAGARH,EQ,M,2025120,1126.56
TITAN,EQ,M,2025120,4433.64
TMB,EQ,M,2025120,529.38
TNIDETF,EQ,M,2025120,113.60
TNPETRO,EQ,M,2025120,117.54
TNPL,EQ,M,2025120,197.70
TNTELE,EQ,M,2025120,14.11
TOKYOPLAST,EQ,M,2025120,165.43
TOLINS,EQ,M,2025120,192.52
TOP100CASE,EQ,M,2025120,12.95
TOP10ADD,EQ,M,2025120,120.66
TORNTPOWER,EQ,M,2025120,1752.84
TOTAL,EQ,M,2025120,102.40
TOUCHWOOD,EQ,M,2025120,140.59
TPLPLASTEH,EQ,M,2025120,96.84
TRACXN,EQ,M,2025120,70.51
TRANSRAILL,EQ,M,2025120,760.44
TRANSWORLD,EQ,M,2025120,330.06
TREJHARA,EQ,M,2025120,284.89
TREL,EQ,M,2025120,40.16
TRENT,EQ,M,2025120,7328.40
TRF,EQ,M,2025120,461.94
TRIDENT,EQ,M,2025120,37.91
TRIGYN,EQ,M,2025120,101.66
TRITURBINE,EQ,M,2025120,729.96
TRIVENI,EQ,M,2025120,462.00
TTKHLTCARE,EQ,M,2025120,1526.52
TTKPRESTIG,EQ,M,2025120,748.86
TVSHLTD,EQ,M,2025120,13176.00
TVSMOTOR,EQ,M,2025120,3514.68
TVSSCS,EQ,M,2025120,162.95
TVSSRICHAK,EQ,M,2025120,3634.32
TVTODAY,EQ,M,2025120,206.33
UBL,EQ,M,2025120,2357.28
UCAL,EQ,M,2025120,188.41
UCOBANK,EQ,M,2025120,36.38
UDAICEMENT,EQ,M,2025120,36.79
UDS,EQ,M,2025120,346.50
UFLEX,EQ,M,2025120,733.50
UFO,EQ,M,2025120,87.89
UGARSUGAR,EQ,M,2025120,56.34
UGROCAP,EQ,M,2025120,210.41
UJJIVANSFB,EQ,M,2025120,58.92
ULTRACEMCO,EQ,M,2025120,14341.20
UMAEXPORTS,EQ,M,2025120,67.84
UMANGDAIRY,EQ,M,2025120,102.88
UMESLTD,EQ,M,2025120,6.96
UMIYA-MRO,EQ,M,2025120,92.18
UNICHEMLAB,EQ,M,2025120,719.82
UNIDT,EQ,M,2025120,271.73
UNIECOM,EQ,M,2025120,147.98
UNIENTER,EQ,M,2025120,184.93
UNIONGOLD,EQ,M,2025120,115.74
UNIPARTS,EQ,M,2025120,456.06
UNITDSPR,EQ,M,2025120,1733.40
UNITEDPOLY,EQ,M,2025120,23.36
UNITEDTEA,EQ,M,2025120,529.56
UNIVASTU,EQ,M,2025120,293.57
UNIVPHOTO,EQ,M,2025120,288.05
UNOMINDA,EQ,M,2025120,1296.84
URJA,EQ,M,2025120,18.40
USHAMART,EQ,M,2025120,414.96
USK,EQ,M,2025120,45.82
UTIAMC,EQ,M,2025120,1523.52
UTIBANKETF,EQ,M,2025120,70.25
UTINEXT50,EQ,M,2025120,87.36
UTINIFTETF,EQ,M,2025120,334.24
UTISENSETF,EQ,M,2025120,1096.72
UTISXN50,EQ,M,2025120,108.42
UTTAMSUGAR,EQ,M,2025120,359.94
UYFINCORP,EQ,M,2025120,21.38
V2RETAIL,EQ,M,2025120,2171.28
VADILALIND,EQ,M,2025120,6722.40
VAIBHAVGBL,EQ,M,2025120,286.20
VAISHALI,EQ,M,2025120,14.23
VAL30IETF,EQ,M,2025120,15.88
VALIANTLAB,EQ,M,2025120,136.57
VARDHACRLC,EQ,M,2025120,60.44
VARDMNPOLY,EQ,M,2025120,14.63
VARROC,EQ,M,2025120,696.96
VASCONEQ,EQ,M,2025120,64.74
VASWANI,EQ,M,2025120,54.60
VBL,EQ,M,2025120,550.08
VEDL,EQ,M,2025120,546.60
VEEDOL,EQ,M,2025120,1996.20
VENKEYS,EQ,M,2025120,1928.64
VENTIVE,EQ,M,2025120,839.28
VENUSPIPES,EQ,M,2025120,1644.84
VERANDA,EQ,M,2025120,236.32
VESUVIUS,EQ,M,2025120,675.60
VETO,EQ,M,2025120,151.20
VGUARD,EQ,M,2025120,463.68
VHL,EQ,M,2025120,4811.76
VIDHIING,EQ,M,2025120,500.04
VIJAYA,EQ,M,2025120,1198.38
VIJIFIN,EQ,M,2025120,2.76
VIKASLIFE,EQ,M,2025120,3.10
VIMTALABS,EQ,M,2025120,543.66
VINATIORGA,EQ,M,2025120,2365.68
VINCOFE,EQ,M,2025120,144.41
VINDHYATEL,EQ,M,2025120,2048.04
VIPCLOTHNG,EQ,M,2025120,48.40
VIPIND,EQ,M,2025120,500.04
VIRINCHI,EQ,M,2025120,26.27
VISAKAIND,EQ,M,2025120,101.30
VISHNU,EQ,M,2025120,664.86
VISHWARAJ,EQ,M,2025120,11.86
VIVIDHA,EQ,M,2025120,1.02
VLSFINANCE,EQ,M,2025120,296.77
VMART,EQ,M,2025120,1040.28
VMM,EQ,M,2025120,158.92
VOLTAMP,EQ,M,2025120,10920.60
VOLTAS,EQ,M,2025120,1580.52
VPRPL,EQ,M,2025120,196.79
VRAJ,EQ,M,2025120,211.66
VRLLOG,EQ,M,2025120,688.74
VSTIND,EQ,M,2025120,349.80
VSTL,EQ,M,2025120,187.30
VSTTILLERS,EQ,M,2025120,4422.24
VTL,EQ,M,2025120,583.20
WAAREEENER,EQ,M,2025120,3536.16
WAAREERTL,EQ,M,2025120,1189.44
WABAG,EQ,M,2025120,1789.80
WCIL,EQ,M,2025120,137.32
WEALTH,EQ,M,2025120,1530.78
WEIZMANIND,EQ,M,2025120,140.30
WEL,EQ,M,2025120,191.17
WELCORP,EQ,M,2025120,1125.30
WELENT,EQ,M,2025120,650.58
WELSPUNLIV,EQ,M,2025120,172.16
WESTLIFE,EQ,M,2025120,894.12
WEWIN,EQ,M,2025120,59.14
WHEELS,EQ,M,2025120,931.50
WHIRLPOOL,EQ,M,2025120,1689.12
WILLAMAGOR,EQ,M,2025120,39.62
WINDLAS,EQ,M,2025120,1074.06
WINDMACHIN,EQ,M,2025120,452.10
WIPL,EQ,M,2025120,195.73
WIPRO,EQ,M,2025120,322.22
WOCKPHARMA,EQ,M,2025120,1986.84
WONDERLA,EQ,M,2025120,769.50
WORTH,EQ,M,2025120,177.53
WSTCSTPAPR,EQ,M,2025120,610.92
XCHANGING,EQ,M,2025120,116.59
XELPMOC,EQ,M,2025120,113.16
XPROINDIA,EQ,M,2025120,1464.48
XTGLOBAL,EQ,M,2025120,40.78
YASHO,EQ,M,2025120,2451.36
YATHARTH,EQ,M,2025120,629.82
YATRA,EQ,M,2025120,103.03
YESBANK,EQ,M,2025120,24.10
YUKEN,EQ,M,2025120,1371.24
ZAGGLE,EQ,M,2025120,501.06
ZEEL,EQ,M,2025120,172.52
ZEEMEDIA,EQ,M,2025120,17.78
ZENITHEXPO,EQ,M,2025120,286.20
ZENITHSTL,EQ,M,2025120,10.45
ZENSARTECH,EQ,M,2025120,1015.32
ZENTEC,EQ,M,2025120,2277.48
ZFCVINDIA,EQ,M,2025120,16088.40
ZIMLAB,EQ,M,2025120,135.13
ZODIACLOTH,EQ,M,2025120,130.32
ZOTA,EQ,M,2025120,1131.30
ZUARI,EQ,M,2025120,253.24
ZYDUSLIFE,EQ,M,2025120,1178.34
ZYDUSWELL,EQ,M,2025120,2428.68
